
  .   ____          _            __ _ _
 /\\ / ___'_ __ _ _(_)_ __  __ _ \ \ \ \
( ( )\___ | '_ | '_| | '_ \/ _` | \ \ \ \
 \\/  ___)| |_)| | | | | || (_| |  ) ) ) )
  '  |____| .__|_| |_|_| |_\__, | / / / /
 =========|_|==============|___/=/_/_/_/
 :: Spring Boot ::                (v2.5.6)

2025-12-12 12:13:04.773  INFO 2208 --- [           main] .j.GestionJugadoresFutbolBaseApplication : Starting GestionJugadoresFutbolBaseApplication v1.0 using Java 24.0.2 on DESKTOP-5DEJGCG with PID 2208 (C:\Users\Oscar\Documents\ESTUDIOS\CertificacionJava\gestion-jugadores-futbolBase\gestion-jugadores-futbolBase\target\gestion-jugadores-futbolBase-1.0.jar started by Oscar in C:\Users\Oscar\Documents\ESTUDIOS\CertificacionJava\gestion-jugadores-futbolBase\gestion-jugadores-futbolBase)
2025-12-12 12:13:04.777  INFO 2208 --- [           main] .j.GestionJugadoresFutbolBaseApplication : No active profile set, falling back to default profiles: default
2025-12-12 12:13:05.938  INFO 2208 --- [           main] .s.d.r.c.RepositoryConfigurationDelegate : Bootstrapping Spring Data JPA repositories in DEFAULT mode.
2025-12-12 12:13:06.042  INFO 2208 --- [           main] .s.d.r.c.RepositoryConfigurationDelegate : Finished Spring Data repository scanning in 93 ms. Found 6 JPA repository interfaces.
2025-12-12 12:13:06.557  INFO 2208 --- [           main] trationDelegate$BeanPostProcessorChecker : Bean 'org.springframework.security.access.expression.method.DefaultMethodSecurityExpressionHandler@68746f22' of type [org.springframework.security.access.expression.method.DefaultMethodSecurityExpressionHandler] is not eligible for getting processed by all BeanPostProcessors (for example: not eligible for auto-proxying)
2025-12-12 12:13:06.565  INFO 2208 --- [           main] trationDelegate$BeanPostProcessorChecker : Bean 'methodSecurityMetadataSource' of type [org.springframework.security.access.method.DelegatingMethodSecurityMetadataSource] is not eligible for getting processed by all BeanPostProcessors (for example: not eligible for auto-proxying)
2025-12-12 12:13:07.038  INFO 2208 --- [           main] o.s.b.w.embedded.tomcat.TomcatWebServer  : Tomcat initialized with port(s): 8080 (http)
2025-12-12 12:13:07.051  INFO 2208 --- [           main] o.apache.catalina.core.StandardService   : Starting service [Tomcat]
2025-12-12 12:13:07.051  INFO 2208 --- [           main] org.apache.catalina.core.StandardEngine  : Starting Servlet engine: [Apache Tomcat/9.0.54]
2025-12-12 12:13:07.111  INFO 2208 --- [           main] o.a.c.c.C.[Tomcat].[localhost].[/]       : Initializing Spring embedded WebApplicationContext
2025-12-12 12:13:07.111  INFO 2208 --- [           main] w.s.c.ServletWebServerApplicationContext : Root WebApplicationContext: initialization completed in 2249 ms
2025-12-12 12:13:07.346  INFO 2208 --- [           main] o.hibernate.jpa.internal.util.LogHelper  : HHH000204: Processing PersistenceUnitInfo [name: default]
2025-12-12 12:13:07.430  INFO 2208 --- [           main] org.hibernate.Version                    : HHH000412: Hibernate ORM core version 5.4.32.Final
2025-12-12 12:13:07.593  INFO 2208 --- [           main] o.hibernate.annotations.common.Version   : HCANN000001: Hibernate Commons Annotations {5.1.2.Final}
2025-12-12 12:13:07.726  INFO 2208 --- [           main] com.zaxxer.hikari.HikariDataSource       : HikariPool-1 - Starting...
2025-12-12 12:13:08.393  INFO 2208 --- [           main] com.zaxxer.hikari.HikariDataSource       : HikariPool-1 - Start completed.
2025-12-12 12:13:08.421  INFO 2208 --- [           main] org.hibernate.dialect.Dialect            : HHH000400: Using dialect: org.hibernate.dialect.MySQL5InnoDBDialect
2025-12-12 12:13:09.634  INFO 2208 --- [           main] o.h.e.t.j.p.i.JtaPlatformInitiator       : HHH000490: Using JtaPlatform implementation: [org.hibernate.engine.transaction.jta.platform.internal.NoJtaPlatform]
2025-12-12 12:13:09.645  INFO 2208 --- [           main] j.LocalContainerEntityManagerFactoryBean : Initialized JPA EntityManagerFactory for persistence unit 'default'
2025-12-12 12:13:10.170  WARN 2208 --- [           main] JpaBaseConfiguration$JpaWebConfiguration : spring.jpa.open-in-view is enabled by default. Therefore, database queries may be performed during view rendering. Explicitly configure spring.jpa.open-in-view to disable this warning
2025-12-12 12:13:10.989  INFO 2208 --- [           main] o.s.s.web.DefaultSecurityFilterChain     : Will secure any request with [org.springframework.security.web.context.request.async.WebAsyncManagerIntegrationFilter@5f631ca0, org.springframework.security.web.context.SecurityContextPersistenceFilter@70d63e05, org.springframework.security.web.header.HeaderWriterFilter@4832f03b, org.springframework.web.filter.CorsFilter@1697f2b3, org.springframework.security.web.authentication.logout.LogoutFilter@7a45d714, com.gestion.jugadores.configuraciones.JwtAuthenticationFilter@97d0c06, org.springframework.security.web.savedrequest.RequestCacheAwareFilter@485e13d7, org.springframework.security.web.servletapi.SecurityContextHolderAwareRequestFilter@3b705be7, org.springframework.security.web.authentication.AnonymousAuthenticationFilter@12ad1b2a, org.springframework.security.web.session.SessionManagementFilter@4b31a708, org.springframework.security.web.access.ExceptionTranslationFilter@18371d89, org.springframework.security.web.access.intercept.FilterSecurityInterceptor@1192b58e]
2025-12-12 12:13:11.268  INFO 2208 --- [           main] o.s.b.w.embedded.tomcat.TomcatWebServer  : Tomcat started on port(s): 8080 (http) with context path ''
2025-12-12 12:13:11.279  INFO 2208 --- [           main] .j.GestionJugadoresFutbolBaseApplication : Started GestionJugadoresFutbolBaseApplication in 7.17 seconds (JVM running for 7.915)
2025-12-12 12:13:45.525  INFO 2208 --- [nio-8080-exec-1] o.a.c.c.C.[Tomcat].[localhost].[/]       : Initializing Spring DispatcherServlet 'dispatcherServlet'
2025-12-12 12:13:45.526  INFO 2208 --- [nio-8080-exec-1] o.s.web.servlet.DispatcherServlet        : Initializing Servlet 'dispatcherServlet'
2025-12-12 12:13:45.527  INFO 2208 --- [nio-8080-exec-1] o.s.web.servlet.DispatcherServlet        : Completed initialization in 1 ms
Token invalido , no empieza con bearer string
El token no es valido
Hibernate: 
    select
        usuario0_.id as id1_6_,
        usuario0_.apellido as apellido2_6_,
        usuario0_.email as email3_6_,
        usuario0_.enabled as enabled4_6_,
        usuario0_.nombre as nombre5_6_,
        usuario0_.password as password6_6_,
        usuario0_.perfil as perfil7_6_,
        usuario0_.username as username8_6_ 
    from
        usuarios usuario0_ 
    where
        usuario0_.username=?
Hibernate: 
    select
        usuariorol0_.usuario_id as usuario_3_5_0_,
        usuariorol0_.usuario_rol_id as usuario_1_5_0_,
        usuariorol0_.usuario_rol_id as usuario_1_5_1_,
        usuariorol0_.rol_rol_id as rol_rol_2_5_1_,
        usuariorol0_.usuario_id as usuario_3_5_1_,
        rol1_.rol_id as rol_id1_4_2_,
        rol1_.rol_nombre as rol_nomb2_4_2_ 
    from
        usuario_rol usuariorol0_ 
    left outer join
        roles rol1_ 
            on usuariorol0_.rol_rol_id=rol1_.rol_id 
    where
        usuariorol0_.usuario_id=?
Hibernate: 
    select
        usuario0_.id as id1_6_,
        usuario0_.apellido as apellido2_6_,
        usuario0_.email as email3_6_,
        usuario0_.enabled as enabled4_6_,
        usuario0_.nombre as nombre5_6_,
        usuario0_.password as password6_6_,
        usuario0_.perfil as perfil7_6_,
        usuario0_.username as username8_6_ 
    from
        usuarios usuario0_ 
    where
        usuario0_.username=?
Hibernate: 
    select
        usuario0_.id as id1_6_,
        usuario0_.apellido as apellido2_6_,
        usuario0_.email as email3_6_,
        usuario0_.enabled as enabled4_6_,
        usuario0_.nombre as nombre5_6_,
        usuario0_.password as password6_6_,
        usuario0_.perfil as perfil7_6_,
        usuario0_.username as username8_6_ 
    from
        usuarios usuario0_ 
    where
        usuario0_.username=?
Hibernate: 
    select
        usuariorol0_.usuario_id as usuario_3_5_0_,
        usuariorol0_.usuario_rol_id as usuario_1_5_0_,
        usuariorol0_.usuario_rol_id as usuario_1_5_1_,
        usuariorol0_.rol_rol_id as rol_rol_2_5_1_,
        usuariorol0_.usuario_id as usuario_3_5_1_,
        rol1_.rol_id as rol_id1_4_2_,
        rol1_.rol_nombre as rol_nomb2_4_2_ 
    from
        usuario_rol usuariorol0_ 
    left outer join
        roles rol1_ 
            on usuariorol0_.rol_rol_id=rol1_.rol_id 
    where
        usuariorol0_.usuario_id=?
Hibernate: 
    select
        partido0_.id as id1_3_,
        partido0_.duracion as duracion2_3_,
        partido0_.equipo_id as equipo_i5_3_,
        partido0_.fecha as fecha3_3_,
        partido0_.partido_activo as partido_4_3_ 
    from
        partidos partido0_ 
    left outer join
        equipo equipo1_ 
            on partido0_.equipo_id=equipo1_.equipo_id 
    where
        equipo1_.equipo_id=?
Hibernate: 
    select
        equipo0_.equipo_id as equipo_i1_0_0_,
        equipo0_.duracion_partido as duracion2_0_0_,
        equipo0_.nombre as nombre3_0_0_,
        equipo0_.usuario_id as usuario_4_0_0_ 
    from
        equipo equipo0_ 
    where
        equipo0_.equipo_id=?
Hibernate: 
    select
        usuario0_.id as id1_6_0_,
        usuario0_.apellido as apellido2_6_0_,
        usuario0_.email as email3_6_0_,
        usuario0_.enabled as enabled4_6_0_,
        usuario0_.nombre as nombre5_6_0_,
        usuario0_.password as password6_6_0_,
        usuario0_.perfil as perfil7_6_0_,
        usuario0_.username as username8_6_0_,
        usuariorol1_.usuario_id as usuario_3_5_1_,
        usuariorol1_.usuario_rol_id as usuario_1_5_1_,
        usuariorol1_.usuario_rol_id as usuario_1_5_2_,
        usuariorol1_.rol_rol_id as rol_rol_2_5_2_,
        usuariorol1_.usuario_id as usuario_3_5_2_,
        rol2_.rol_id as rol_id1_4_3_,
        rol2_.rol_nombre as rol_nomb2_4_3_ 
    from
        usuarios usuario0_ 
    left outer join
        usuario_rol usuariorol1_ 
            on usuario0_.id=usuariorol1_.usuario_id 
    left outer join
        roles rol2_ 
            on usuariorol1_.rol_rol_id=rol2_.rol_id 
    where
        usuario0_.id=?
Hibernate: 
    select
        jugadores0_.equipo_id as equipo_i5_2_0_,
        jugadores0_.id as id1_2_0_,
        jugadores0_.id as id1_2_1_,
        jugadores0_.apellido as apellido2_2_1_,
        jugadores0_.equipo_id as equipo_i5_2_1_,
        jugadores0_.nombre as nombre3_2_1_,
        jugadores0_.posicion as posicion4_2_1_ 
    from
        jugadores jugadores0_ 
    where
        jugadores0_.equipo_id=?
2025-12-12 12:13:46.090 ERROR 2208 --- [nio-8080-exec-2] o.a.c.c.C.[.[.[/].[dispatcherServlet]    : Servlet.service() for servlet [dispatcherServlet] in context with path [] threw exception [Handler dispatch failed; nested exception is java.lang.StackOverflowError] with root cause

java.lang.StackOverflowError: null
	at org.hibernate.proxy.AbstractLazyInitializer.initialize(AbstractLazyInitializer.java:185) ~[hibernate-core-5.4.32.Final.jar!/:5.4.32.Final]
	at org.hibernate.proxy.AbstractLazyInitializer.getImplementation(AbstractLazyInitializer.java:310) ~[hibernate-core-5.4.32.Final.jar!/:5.4.32.Final]
	at org.hibernate.proxy.pojo.bytebuddy.ByteBuddyInterceptor.intercept(ByteBuddyInterceptor.java:45) ~[hibernate-core-5.4.32.Final.jar!/:5.4.32.Final]
	at org.hibernate.proxy.ProxyConfiguration$InterceptorDispatcher.intercept(ProxyConfiguration.java:95) ~[hibernate-core-5.4.32.Final.jar!/:5.4.32.Final]
	at com.gestion.jugadores.modelo.Equipo$HibernateProxy$lX4pXMcF.getId(Unknown Source) ~[classes!/:1.0]
	at com.gestion.jugadores.modelo.Jugador.getEquipoId(Jugador.java:84) ~[classes!/:1.0]
	at com.gestion.jugadores.mapper.PartidoMapperImpl.jugadorToJugadorDTO(PartidoMapperImpl.java:83) ~[classes!/:1.0]
	at com.gestion.jugadores.mapper.PartidoMapperImpl.jugadorListToJugadorDTOList(PartidoMapperImpl.java:96) ~[classes!/:1.0]
	at com.gestion.jugadores.mapper.PartidoMapperImpl.equipoToEquipoDTO(PartidoMapperImpl.java:113) ~[classes!/:1.0]
	at com.gestion.jugadores.mapper.PartidoMapperImpl.jugadorToJugadorDTO(PartidoMapperImpl.java:84) ~[classes!/:1.0]
	at com.gestion.jugadores.mapper.PartidoMapperImpl.jugadorListToJugadorDTOList(PartidoMapperImpl.java:96) ~[classes!/:1.0]
	at com.gestion.jugadores.mapper.PartidoMapperImpl.equipoToEquipoDTO(PartidoMapperImpl.java:113) ~[classes!/:1.0]
	at com.gestion.jugadores.mapper.PartidoMapperImpl.jugadorToJugadorDTO(PartidoMapperImpl.java:84) ~[classes!/:1.0]
	at com.gestion.jugadores.mapper.PartidoMapperImpl.jugadorListToJugadorDTOList(PartidoMapperImpl.java:96) ~[classes!/:1.0]
	at com.gestion.jugadores.mapper.PartidoMapperImpl.equipoToEquipoDTO(PartidoMapperImpl.java:113) ~[classes!/:1.0]
	at com.gestion.jugadores.mapper.PartidoMapperImpl.jugadorToJugadorDTO(PartidoMapperImpl.java:84) ~[classes!/:1.0]
	at com.gestion.jugadores.mapper.PartidoMapperImpl.jugadorListToJugadorDTOList(PartidoMapperImpl.java:96) ~[classes!/:1.0]
	at com.gestion.jugadores.mapper.PartidoMapperImpl.equipoToEquipoDTO(PartidoMapperImpl.java:113) ~[classes!/:1.0]
	at com.gestion.jugadores.mapper.PartidoMapperImpl.jugadorToJugadorDTO(PartidoMapperImpl.java:84) ~[classes!/:1.0]
	at com.gestion.jugadores.mapper.PartidoMapperImpl.jugadorListToJugadorDTOList(PartidoMapperImpl.java:96) ~[classes!/:1.0]
	at com.gestion.jugadores.mapper.PartidoMapperImpl.equipoToEquipoDTO(PartidoMapperImpl.java:113) ~[classes!/:1.0]
	at com.gestion.jugadores.mapper.PartidoMapperImpl.jugadorToJugadorDTO(PartidoMapperImpl.java:84) ~[classes!/:1.0]
	at com.gestion.jugadores.mapper.PartidoMapperImpl.jugadorListToJugadorDTOList(PartidoMapperImpl.java:96) ~[classes!/:1.0]
	at com.gestion.jugadores.mapper.PartidoMapperImpl.equipoToEquipoDTO(PartidoMapperImpl.java:113) ~[classes!/:1.0]
	at com.gestion.jugadores.mapper.PartidoMapperImpl.jugadorToJugadorDTO(PartidoMapperImpl.java:84) ~[classes!/:1.0]
	at com.gestion.jugadores.mapper.PartidoMapperImpl.jugadorListToJugadorDTOList(PartidoMapperImpl.java:96) ~[classes!/:1.0]
	at com.gestion.jugadores.mapper.PartidoMapperImpl.equipoToEquipoDTO(PartidoMapperImpl.java:113) ~[classes!/:1.0]
	at com.gestion.jugadores.mapper.PartidoMapperImpl.jugadorToJugadorDTO(PartidoMapperImpl.java:84) ~[classes!/:1.0]
	at com.gestion.jugadores.mapper.PartidoMapperImpl.jugadorListToJugadorDTOList(PartidoMapperImpl.java:96) ~[classes!/:1.0]
	at com.gestion.jugadores.mapper.PartidoMapperImpl.equipoToEquipoDTO(PartidoMapperImpl.java:113) ~[classes!/:1.0]
	at com.gestion.jugadores.mapper.PartidoMapperImpl.jugadorToJugadorDTO(PartidoMapperImpl.java:84) ~[classes!/:1.0]
	at com.gestion.jugadores.mapper.PartidoMapperImpl.jugadorListToJugadorDTOList(PartidoMapperImpl.java:96) ~[classes!/:1.0]
	at com.gestion.jugadores.mapper.PartidoMapperImpl.equipoToEquipoDTO(PartidoMapperImpl.java:113) ~[classes!/:1.0]
	at com.gestion.jugadores.mapper.PartidoMapperImpl.jugadorToJugadorDTO(PartidoMapperImpl.java:84) ~[classes!/:1.0]
	at com.gestion.jugadores.mapper.PartidoMapperImpl.jugadorListToJugadorDTOList(PartidoMapperImpl.java:96) ~[classes!/:1.0]
	at com.gestion.jugadores.mapper.PartidoMapperImpl.equipoToEquipoDTO(PartidoMapperImpl.java:113) ~[classes!/:1.0]
	at com.gestion.jugadores.mapper.PartidoMapperImpl.jugadorToJugadorDTO(PartidoMapperImpl.java:84) ~[classes!/:1.0]
	at com.gestion.jugadores.mapper.PartidoMapperImpl.jugadorListToJugadorDTOList(PartidoMapperImpl.java:96) ~[classes!/:1.0]
	at com.gestion.jugadores.mapper.PartidoMapperImpl.equipoToEquipoDTO(PartidoMapperImpl.java:113) ~[classes!/:1.0]
	at com.gestion.jugadores.mapper.PartidoMapperImpl.jugadorToJugadorDTO(PartidoMapperImpl.java:84) ~[classes!/:1.0]
	at com.gestion.jugadores.mapper.PartidoMapperImpl.jugadorListToJugadorDTOList(PartidoMapperImpl.java:96) ~[classes!/:1.0]
	at com.gestion.jugadores.mapper.PartidoMapperImpl.equipoToEquipoDTO(PartidoMapperImpl.java:113) ~[classes!/:1.0]
	at com.gestion.jugadores.mapper.PartidoMapperImpl.jugadorToJugadorDTO(PartidoMapperImpl.java:84) ~[classes!/:1.0]
	at com.gestion.jugadores.mapper.PartidoMapperImpl.jugadorListToJugadorDTOList(PartidoMapperImpl.java:96) ~[classes!/:1.0]
	at com.gestion.jugadores.mapper.PartidoMapperImpl.equipoToEquipoDTO(PartidoMapperImpl.java:113) ~[classes!/:1.0]
	at com.gestion.jugadores.mapper.PartidoMapperImpl.jugadorToJugadorDTO(PartidoMapperImpl.java:84) ~[classes!/:1.0]
	at com.gestion.jugadores.mapper.PartidoMapperImpl.jugadorListToJugadorDTOList(PartidoMapperImpl.java:96) ~[classes!/:1.0]
	at com.gestion.jugadores.mapper.PartidoMapperImpl.equipoToEquipoDTO(PartidoMapperImpl.java:113) ~[classes!/:1.0]
	at com.gestion.jugadores.mapper.PartidoMapperImpl.jugadorToJugadorDTO(PartidoMapperImpl.java:84) ~[classes!/:1.0]
	at com.gestion.jugadores.mapper.PartidoMapperImpl.jugadorListToJugadorDTOList(PartidoMapperImpl.java:96) ~[classes!/:1.0]
	at com.gestion.jugadores.mapper.PartidoMapperImpl.equipoToEquipoDTO(PartidoMapperImpl.java:113) ~[classes!/:1.0]
	at com.gestion.jugadores.mapper.PartidoMapperImpl.jugadorToJugadorDTO(PartidoMapperImpl.java:84) ~[classes!/:1.0]
	at com.gestion.jugadores.mapper.PartidoMapperImpl.jugadorListToJugadorDTOList(PartidoMapperImpl.java:96) ~[classes!/:1.0]
	at com.gestion.jugadores.mapper.PartidoMapperImpl.equipoToEquipoDTO(PartidoMapperImpl.java:113) ~[classes!/:1.0]
	at com.gestion.jugadores.mapper.PartidoMapperImpl.jugadorToJugadorDTO(PartidoMapperImpl.java:84) ~[classes!/:1.0]
	at com.gestion.jugadores.mapper.PartidoMapperImpl.jugadorListToJugadorDTOList(PartidoMapperImpl.java:96) ~[classes!/:1.0]
	at com.gestion.jugadores.mapper.PartidoMapperImpl.equipoToEquipoDTO(PartidoMapperImpl.java:113) ~[classes!/:1.0]
	at com.gestion.jugadores.mapper.PartidoMapperImpl.jugadorToJugadorDTO(PartidoMapperImpl.java:84) ~[classes!/:1.0]
	at com.gestion.jugadores.mapper.PartidoMapperImpl.jugadorListToJugadorDTOList(PartidoMapperImpl.java:96) ~[classes!/:1.0]
	at com.gestion.jugadores.mapper.PartidoMapperImpl.equipoToEquipoDTO(PartidoMapperImpl.java:113) ~[classes!/:1.0]
	at com.gestion.jugadores.mapper.PartidoMapperImpl.jugadorToJugadorDTO(PartidoMapperImpl.java:84) ~[classes!/:1.0]
	at com.gestion.jugadores.mapper.PartidoMapperImpl.jugadorListToJugadorDTOList(PartidoMapperImpl.java:96) ~[classes!/:1.0]
	at com.gestion.jugadores.mapper.PartidoMapperImpl.equipoToEquipoDTO(PartidoMapperImpl.java:113) ~[classes!/:1.0]
	at com.gestion.jugadores.mapper.PartidoMapperImpl.jugadorToJugadorDTO(PartidoMapperImpl.java:84) ~[classes!/:1.0]
	at com.gestion.jugadores.mapper.PartidoMapperImpl.jugadorListToJugadorDTOList(PartidoMapperImpl.java:96) ~[classes!/:1.0]
	at com.gestion.jugadores.mapper.PartidoMapperImpl.equipoToEquipoDTO(PartidoMapperImpl.java:113) ~[classes!/:1.0]
	at com.gestion.jugadores.mapper.PartidoMapperImpl.jugadorToJugadorDTO(PartidoMapperImpl.java:84) ~[classes!/:1.0]
	at com.gestion.jugadores.mapper.PartidoMapperImpl.jugadorListToJugadorDTOList(PartidoMapperImpl.java:96) ~[classes!/:1.0]
	at com.gestion.jugadores.mapper.PartidoMapperImpl.equipoToEquipoDTO(PartidoMapperImpl.java:113) ~[classes!/:1.0]
	at com.gestion.jugadores.mapper.PartidoMapperImpl.jugadorToJugadorDTO(PartidoMapperImpl.java:84) ~[classes!/:1.0]
	at com.gestion.jugadores.mapper.PartidoMapperImpl.jugadorListToJugadorDTOList(PartidoMapperImpl.java:96) ~[classes!/:1.0]
	at com.gestion.jugadores.mapper.PartidoMapperImpl.equipoToEquipoDTO(PartidoMapperImpl.java:113) ~[classes!/:1.0]
	at com.gestion.jugadores.mapper.PartidoMapperImpl.jugadorToJugadorDTO(PartidoMapperImpl.java:84) ~[classes!/:1.0]
	at com.gestion.jugadores.mapper.PartidoMapperImpl.jugadorListToJugadorDTOList(PartidoMapperImpl.java:96) ~[classes!/:1.0]
	at com.gestion.jugadores.mapper.PartidoMapperImpl.equipoToEquipoDTO(PartidoMapperImpl.java:113) ~[classes!/:1.0]
	at com.gestion.jugadores.mapper.PartidoMapperImpl.jugadorToJugadorDTO(PartidoMapperImpl.java:84) ~[classes!/:1.0]
	at com.gestion.jugadores.mapper.PartidoMapperImpl.jugadorListToJugadorDTOList(PartidoMapperImpl.java:96) ~[classes!/:1.0]
	at com.gestion.jugadores.mapper.PartidoMapperImpl.equipoToEquipoDTO(PartidoMapperImpl.java:113) ~[classes!/:1.0]
	at com.gestion.jugadores.mapper.PartidoMapperImpl.jugadorToJugadorDTO(PartidoMapperImpl.java:84) ~[classes!/:1.0]
	at com.gestion.jugadores.mapper.PartidoMapperImpl.jugadorListToJugadorDTOList(PartidoMapperImpl.java:96) ~[classes!/:1.0]
	at com.gestion.jugadores.mapper.PartidoMapperImpl.equipoToEquipoDTO(PartidoMapperImpl.java:113) ~[classes!/:1.0]
	at com.gestion.jugadores.mapper.PartidoMapperImpl.jugadorToJugadorDTO(PartidoMapperImpl.java:84) ~[classes!/:1.0]
	at com.gestion.jugadores.mapper.PartidoMapperImpl.jugadorListToJugadorDTOList(PartidoMapperImpl.java:96) ~[classes!/:1.0]
	at com.gestion.jugadores.mapper.PartidoMapperImpl.equipoToEquipoDTO(PartidoMapperImpl.java:113) ~[classes!/:1.0]
	at com.gestion.jugadores.mapper.PartidoMapperImpl.jugadorToJugadorDTO(PartidoMapperImpl.java:84) ~[classes!/:1.0]
	at com.gestion.jugadores.mapper.PartidoMapperImpl.jugadorListToJugadorDTOList(PartidoMapperImpl.java:96) ~[classes!/:1.0]
	at com.gestion.jugadores.mapper.PartidoMapperImpl.equipoToEquipoDTO(PartidoMapperImpl.java:113) ~[classes!/:1.0]
	at com.gestion.jugadores.mapper.PartidoMapperImpl.jugadorToJugadorDTO(PartidoMapperImpl.java:84) ~[classes!/:1.0]
	at com.gestion.jugadores.mapper.PartidoMapperImpl.jugadorListToJugadorDTOList(PartidoMapperImpl.java:96) ~[classes!/:1.0]
	at com.gestion.jugadores.mapper.PartidoMapperImpl.equipoToEquipoDTO(PartidoMapperImpl.java:113) ~[classes!/:1.0]
	at com.gestion.jugadores.mapper.PartidoMapperImpl.jugadorToJugadorDTO(PartidoMapperImpl.java:84) ~[classes!/:1.0]
	at com.gestion.jugadores.mapper.PartidoMapperImpl.jugadorListToJugadorDTOList(PartidoMapperImpl.java:96) ~[classes!/:1.0]
	at com.gestion.jugadores.mapper.PartidoMapperImpl.equipoToEquipoDTO(PartidoMapperImpl.java:113) ~[classes!/:1.0]
	at com.gestion.jugadores.mapper.PartidoMapperImpl.jugadorToJugadorDTO(PartidoMapperImpl.java:84) ~[classes!/:1.0]
	at com.gestion.jugadores.mapper.PartidoMapperImpl.jugadorListToJugadorDTOList(PartidoMapperImpl.java:96) ~[classes!/:1.0]
	at com.gestion.jugadores.mapper.PartidoMapperImpl.equipoToEquipoDTO(PartidoMapperImpl.java:113) ~[classes!/:1.0]
	at com.gestion.jugadores.mapper.PartidoMapperImpl.jugadorToJugadorDTO(PartidoMapperImpl.java:84) ~[classes!/:1.0]
	at com.gestion.jugadores.mapper.PartidoMapperImpl.jugadorListToJugadorDTOList(PartidoMapperImpl.java:96) ~[classes!/:1.0]
	at com.gestion.jugadores.mapper.PartidoMapperImpl.equipoToEquipoDTO(PartidoMapperImpl.java:113) ~[classes!/:1.0]
	at com.gestion.jugadores.mapper.PartidoMapperImpl.jugadorToJugadorDTO(PartidoMapperImpl.java:84) ~[classes!/:1.0]
	at com.gestion.jugadores.mapper.PartidoMapperImpl.jugadorListToJugadorDTOList(PartidoMapperImpl.java:96) ~[classes!/:1.0]
	at com.gestion.jugadores.mapper.PartidoMapperImpl.equipoToEquipoDTO(PartidoMapperImpl.java:113) ~[classes!/:1.0]
	at com.gestion.jugadores.mapper.PartidoMapperImpl.jugadorToJugadorDTO(PartidoMapperImpl.java:84) ~[classes!/:1.0]
	at com.gestion.jugadores.mapper.PartidoMapperImpl.jugadorListToJugadorDTOList(PartidoMapperImpl.java:96) ~[classes!/:1.0]
	at com.gestion.jugadores.mapper.PartidoMapperImpl.equipoToEquipoDTO(PartidoMapperImpl.java:113) ~[classes!/:1.0]
	at com.gestion.jugadores.mapper.PartidoMapperImpl.jugadorToJugadorDTO(PartidoMapperImpl.java:84) ~[classes!/:1.0]
	at com.gestion.jugadores.mapper.PartidoMapperImpl.jugadorListToJugadorDTOList(PartidoMapperImpl.java:96) ~[classes!/:1.0]
	at com.gestion.jugadores.mapper.PartidoMapperImpl.equipoToEquipoDTO(PartidoMapperImpl.java:113) ~[classes!/:1.0]
	at com.gestion.jugadores.mapper.PartidoMapperImpl.jugadorToJugadorDTO(PartidoMapperImpl.java:84) ~[classes!/:1.0]
	at com.gestion.jugadores.mapper.PartidoMapperImpl.jugadorListToJugadorDTOList(PartidoMapperImpl.java:96) ~[classes!/:1.0]
	at com.gestion.jugadores.mapper.PartidoMapperImpl.equipoToEquipoDTO(PartidoMapperImpl.java:113) ~[classes!/:1.0]
	at com.gestion.jugadores.mapper.PartidoMapperImpl.jugadorToJugadorDTO(PartidoMapperImpl.java:84) ~[classes!/:1.0]
	at com.gestion.jugadores.mapper.PartidoMapperImpl.jugadorListToJugadorDTOList(PartidoMapperImpl.java:96) ~[classes!/:1.0]
	at com.gestion.jugadores.mapper.PartidoMapperImpl.equipoToEquipoDTO(PartidoMapperImpl.java:113) ~[classes!/:1.0]
	at com.gestion.jugadores.mapper.PartidoMapperImpl.jugadorToJugadorDTO(PartidoMapperImpl.java:84) ~[classes!/:1.0]
	at com.gestion.jugadores.mapper.PartidoMapperImpl.jugadorListToJugadorDTOList(PartidoMapperImpl.java:96) ~[classes!/:1.0]
	at com.gestion.jugadores.mapper.PartidoMapperImpl.equipoToEquipoDTO(PartidoMapperImpl.java:113) ~[classes!/:1.0]
	at com.gestion.jugadores.mapper.PartidoMapperImpl.jugadorToJugadorDTO(PartidoMapperImpl.java:84) ~[classes!/:1.0]
	at com.gestion.jugadores.mapper.PartidoMapperImpl.jugadorListToJugadorDTOList(PartidoMapperImpl.java:96) ~[classes!/:1.0]
	at com.gestion.jugadores.mapper.PartidoMapperImpl.equipoToEquipoDTO(PartidoMapperImpl.java:113) ~[classes!/:1.0]
	at com.gestion.jugadores.mapper.PartidoMapperImpl.jugadorToJugadorDTO(PartidoMapperImpl.java:84) ~[classes!/:1.0]
	at com.gestion.jugadores.mapper.PartidoMapperImpl.jugadorListToJugadorDTOList(PartidoMapperImpl.java:96) ~[classes!/:1.0]
	at com.gestion.jugadores.mapper.PartidoMapperImpl.equipoToEquipoDTO(PartidoMapperImpl.java:113) ~[classes!/:1.0]
	at com.gestion.jugadores.mapper.PartidoMapperImpl.jugadorToJugadorDTO(PartidoMapperImpl.java:84) ~[classes!/:1.0]
	at com.gestion.jugadores.mapper.PartidoMapperImpl.jugadorListToJugadorDTOList(PartidoMapperImpl.java:96) ~[classes!/:1.0]
	at com.gestion.jugadores.mapper.PartidoMapperImpl.equipoToEquipoDTO(PartidoMapperImpl.java:113) ~[classes!/:1.0]
	at com.gestion.jugadores.mapper.PartidoMapperImpl.jugadorToJugadorDTO(PartidoMapperImpl.java:84) ~[classes!/:1.0]
	at com.gestion.jugadores.mapper.PartidoMapperImpl.jugadorListToJugadorDTOList(PartidoMapperImpl.java:96) ~[classes!/:1.0]
	at com.gestion.jugadores.mapper.PartidoMapperImpl.equipoToEquipoDTO(PartidoMapperImpl.java:113) ~[classes!/:1.0]
	at com.gestion.jugadores.mapper.PartidoMapperImpl.jugadorToJugadorDTO(PartidoMapperImpl.java:84) ~[classes!/:1.0]
	at com.gestion.jugadores.mapper.PartidoMapperImpl.jugadorListToJugadorDTOList(PartidoMapperImpl.java:96) ~[classes!/:1.0]
	at com.gestion.jugadores.mapper.PartidoMapperImpl.equipoToEquipoDTO(PartidoMapperImpl.java:113) ~[classes!/:1.0]
	at com.gestion.jugadores.mapper.PartidoMapperImpl.jugadorToJugadorDTO(PartidoMapperImpl.java:84) ~[classes!/:1.0]
	at com.gestion.jugadores.mapper.PartidoMapperImpl.jugadorListToJugadorDTOList(PartidoMapperImpl.java:96) ~[classes!/:1.0]
	at com.gestion.jugadores.mapper.PartidoMapperImpl.equipoToEquipoDTO(PartidoMapperImpl.java:113) ~[classes!/:1.0]
	at com.gestion.jugadores.mapper.PartidoMapperImpl.jugadorToJugadorDTO(PartidoMapperImpl.java:84) ~[classes!/:1.0]
	at com.gestion.jugadores.mapper.PartidoMapperImpl.jugadorListToJugadorDTOList(PartidoMapperImpl.java:96) ~[classes!/:1.0]
	at com.gestion.jugadores.mapper.PartidoMapperImpl.equipoToEquipoDTO(PartidoMapperImpl.java:113) ~[classes!/:1.0]
	at com.gestion.jugadores.mapper.PartidoMapperImpl.jugadorToJugadorDTO(PartidoMapperImpl.java:84) ~[classes!/:1.0]
	at com.gestion.jugadores.mapper.PartidoMapperImpl.jugadorListToJugadorDTOList(PartidoMapperImpl.java:96) ~[classes!/:1.0]
	at com.gestion.jugadores.mapper.PartidoMapperImpl.equipoToEquipoDTO(PartidoMapperImpl.java:113) ~[classes!/:1.0]
	at com.gestion.jugadores.mapper.PartidoMapperImpl.jugadorToJugadorDTO(PartidoMapperImpl.java:84) ~[classes!/:1.0]
	at com.gestion.jugadores.mapper.PartidoMapperImpl.jugadorListToJugadorDTOList(PartidoMapperImpl.java:96) ~[classes!/:1.0]
	at com.gestion.jugadores.mapper.PartidoMapperImpl.equipoToEquipoDTO(PartidoMapperImpl.java:113) ~[classes!/:1.0]
	at com.gestion.jugadores.mapper.PartidoMapperImpl.jugadorToJugadorDTO(PartidoMapperImpl.java:84) ~[classes!/:1.0]
	at com.gestion.jugadores.mapper.PartidoMapperImpl.jugadorListToJugadorDTOList(PartidoMapperImpl.java:96) ~[classes!/:1.0]
	at com.gestion.jugadores.mapper.PartidoMapperImpl.equipoToEquipoDTO(PartidoMapperImpl.java:113) ~[classes!/:1.0]
	at com.gestion.jugadores.mapper.PartidoMapperImpl.jugadorToJugadorDTO(PartidoMapperImpl.java:84) ~[classes!/:1.0]
	at com.gestion.jugadores.mapper.PartidoMapperImpl.jugadorListToJugadorDTOList(PartidoMapperImpl.java:96) ~[classes!/:1.0]
	at com.gestion.jugadores.mapper.PartidoMapperImpl.equipoToEquipoDTO(PartidoMapperImpl.java:113) ~[classes!/:1.0]
	at com.gestion.jugadores.mapper.PartidoMapperImpl.jugadorToJugadorDTO(PartidoMapperImpl.java:84) ~[classes!/:1.0]
	at com.gestion.jugadores.mapper.PartidoMapperImpl.jugadorListToJugadorDTOList(PartidoMapperImpl.java:96) ~[classes!/:1.0]
	at com.gestion.jugadores.mapper.PartidoMapperImpl.equipoToEquipoDTO(PartidoMapperImpl.java:113) ~[classes!/:1.0]
	at com.gestion.jugadores.mapper.PartidoMapperImpl.jugadorToJugadorDTO(PartidoMapperImpl.java:84) ~[classes!/:1.0]
	at com.gestion.jugadores.mapper.PartidoMapperImpl.jugadorListToJugadorDTOList(PartidoMapperImpl.java:96) ~[classes!/:1.0]
	at com.gestion.jugadores.mapper.PartidoMapperImpl.equipoToEquipoDTO(PartidoMapperImpl.java:113) ~[classes!/:1.0]
	at com.gestion.jugadores.mapper.PartidoMapperImpl.jugadorToJugadorDTO(PartidoMapperImpl.java:84) ~[classes!/:1.0]
	at com.gestion.jugadores.mapper.PartidoMapperImpl.jugadorListToJugadorDTOList(PartidoMapperImpl.java:96) ~[classes!/:1.0]
	at com.gestion.jugadores.mapper.PartidoMapperImpl.equipoToEquipoDTO(PartidoMapperImpl.java:113) ~[classes!/:1.0]
	at com.gestion.jugadores.mapper.PartidoMapperImpl.jugadorToJugadorDTO(PartidoMapperImpl.java:84) ~[classes!/:1.0]
	at com.gestion.jugadores.mapper.PartidoMapperImpl.jugadorListToJugadorDTOList(PartidoMapperImpl.java:96) ~[classes!/:1.0]
	at com.gestion.jugadores.mapper.PartidoMapperImpl.equipoToEquipoDTO(PartidoMapperImpl.java:113) ~[classes!/:1.0]
	at com.gestion.jugadores.mapper.PartidoMapperImpl.jugadorToJugadorDTO(PartidoMapperImpl.java:84) ~[classes!/:1.0]
	at com.gestion.jugadores.mapper.PartidoMapperImpl.jugadorListToJugadorDTOList(PartidoMapperImpl.java:96) ~[classes!/:1.0]
	at com.gestion.jugadores.mapper.PartidoMapperImpl.equipoToEquipoDTO(PartidoMapperImpl.java:113) ~[classes!/:1.0]
	at com.gestion.jugadores.mapper.PartidoMapperImpl.jugadorToJugadorDTO(PartidoMapperImpl.java:84) ~[classes!/:1.0]
	at com.gestion.jugadores.mapper.PartidoMapperImpl.jugadorListToJugadorDTOList(PartidoMapperImpl.java:96) ~[classes!/:1.0]
	at com.gestion.jugadores.mapper.PartidoMapperImpl.equipoToEquipoDTO(PartidoMapperImpl.java:113) ~[classes!/:1.0]
	at com.gestion.jugadores.mapper.PartidoMapperImpl.jugadorToJugadorDTO(PartidoMapperImpl.java:84) ~[classes!/:1.0]
	at com.gestion.jugadores.mapper.PartidoMapperImpl.jugadorListToJugadorDTOList(PartidoMapperImpl.java:96) ~[classes!/:1.0]
	at com.gestion.jugadores.mapper.PartidoMapperImpl.equipoToEquipoDTO(PartidoMapperImpl.java:113) ~[classes!/:1.0]
	at com.gestion.jugadores.mapper.PartidoMapperImpl.jugadorToJugadorDTO(PartidoMapperImpl.java:84) ~[classes!/:1.0]
	at com.gestion.jugadores.mapper.PartidoMapperImpl.jugadorListToJugadorDTOList(PartidoMapperImpl.java:96) ~[classes!/:1.0]
	at com.gestion.jugadores.mapper.PartidoMapperImpl.equipoToEquipoDTO(PartidoMapperImpl.java:113) ~[classes!/:1.0]
	at com.gestion.jugadores.mapper.PartidoMapperImpl.jugadorToJugadorDTO(PartidoMapperImpl.java:84) ~[classes!/:1.0]
	at com.gestion.jugadores.mapper.PartidoMapperImpl.jugadorListToJugadorDTOList(PartidoMapperImpl.java:96) ~[classes!/:1.0]
	at com.gestion.jugadores.mapper.PartidoMapperImpl.equipoToEquipoDTO(PartidoMapperImpl.java:113) ~[classes!/:1.0]
	at com.gestion.jugadores.mapper.PartidoMapperImpl.jugadorToJugadorDTO(PartidoMapperImpl.java:84) ~[classes!/:1.0]
	at com.gestion.jugadores.mapper.PartidoMapperImpl.jugadorListToJugadorDTOList(PartidoMapperImpl.java:96) ~[classes!/:1.0]
	at com.gestion.jugadores.mapper.PartidoMapperImpl.equipoToEquipoDTO(PartidoMapperImpl.java:113) ~[classes!/:1.0]
	at com.gestion.jugadores.mapper.PartidoMapperImpl.jugadorToJugadorDTO(PartidoMapperImpl.java:84) ~[classes!/:1.0]
	at com.gestion.jugadores.mapper.PartidoMapperImpl.jugadorListToJugadorDTOList(PartidoMapperImpl.java:96) ~[classes!/:1.0]
	at com.gestion.jugadores.mapper.PartidoMapperImpl.equipoToEquipoDTO(PartidoMapperImpl.java:113) ~[classes!/:1.0]
	at com.gestion.jugadores.mapper.PartidoMapperImpl.jugadorToJugadorDTO(PartidoMapperImpl.java:84) ~[classes!/:1.0]
	at com.gestion.jugadores.mapper.PartidoMapperImpl.jugadorListToJugadorDTOList(PartidoMapperImpl.java:96) ~[classes!/:1.0]
	at com.gestion.jugadores.mapper.PartidoMapperImpl.equipoToEquipoDTO(PartidoMapperImpl.java:113) ~[classes!/:1.0]
	at com.gestion.jugadores.mapper.PartidoMapperImpl.jugadorToJugadorDTO(PartidoMapperImpl.java:84) ~[classes!/:1.0]
	at com.gestion.jugadores.mapper.PartidoMapperImpl.jugadorListToJugadorDTOList(PartidoMapperImpl.java:96) ~[classes!/:1.0]
	at com.gestion.jugadores.mapper.PartidoMapperImpl.equipoToEquipoDTO(PartidoMapperImpl.java:113) ~[classes!/:1.0]
	at com.gestion.jugadores.mapper.PartidoMapperImpl.jugadorToJugadorDTO(PartidoMapperImpl.java:84) ~[classes!/:1.0]
	at com.gestion.jugadores.mapper.PartidoMapperImpl.jugadorListToJugadorDTOList(PartidoMapperImpl.java:96) ~[classes!/:1.0]
	at com.gestion.jugadores.mapper.PartidoMapperImpl.equipoToEquipoDTO(PartidoMapperImpl.java:113) ~[classes!/:1.0]
	at com.gestion.jugadores.mapper.PartidoMapperImpl.jugadorToJugadorDTO(PartidoMapperImpl.java:84) ~[classes!/:1.0]
	at com.gestion.jugadores.mapper.PartidoMapperImpl.jugadorListToJugadorDTOList(PartidoMapperImpl.java:96) ~[classes!/:1.0]
	at com.gestion.jugadores.mapper.PartidoMapperImpl.equipoToEquipoDTO(PartidoMapperImpl.java:113) ~[classes!/:1.0]
	at com.gestion.jugadores.mapper.PartidoMapperImpl.jugadorToJugadorDTO(PartidoMapperImpl.java:84) ~[classes!/:1.0]
	at com.gestion.jugadores.mapper.PartidoMapperImpl.jugadorListToJugadorDTOList(PartidoMapperImpl.java:96) ~[classes!/:1.0]
	at com.gestion.jugadores.mapper.PartidoMapperImpl.equipoToEquipoDTO(PartidoMapperImpl.java:113) ~[classes!/:1.0]
	at com.gestion.jugadores.mapper.PartidoMapperImpl.jugadorToJugadorDTO(PartidoMapperImpl.java:84) ~[classes!/:1.0]
	at com.gestion.jugadores.mapper.PartidoMapperImpl.jugadorListToJugadorDTOList(PartidoMapperImpl.java:96) ~[classes!/:1.0]
	at com.gestion.jugadores.mapper.PartidoMapperImpl.equipoToEquipoDTO(PartidoMapperImpl.java:113) ~[classes!/:1.0]
	at com.gestion.jugadores.mapper.PartidoMapperImpl.jugadorToJugadorDTO(PartidoMapperImpl.java:84) ~[classes!/:1.0]
	at com.gestion.jugadores.mapper.PartidoMapperImpl.jugadorListToJugadorDTOList(PartidoMapperImpl.java:96) ~[classes!/:1.0]
	at com.gestion.jugadores.mapper.PartidoMapperImpl.equipoToEquipoDTO(PartidoMapperImpl.java:113) ~[classes!/:1.0]
	at com.gestion.jugadores.mapper.PartidoMapperImpl.jugadorToJugadorDTO(PartidoMapperImpl.java:84) ~[classes!/:1.0]
	at com.gestion.jugadores.mapper.PartidoMapperImpl.jugadorListToJugadorDTOList(PartidoMapperImpl.java:96) ~[classes!/:1.0]
	at com.gestion.jugadores.mapper.PartidoMapperImpl.equipoToEquipoDTO(PartidoMapperImpl.java:113) ~[classes!/:1.0]
	at com.gestion.jugadores.mapper.PartidoMapperImpl.jugadorToJugadorDTO(PartidoMapperImpl.java:84) ~[classes!/:1.0]
	at com.gestion.jugadores.mapper.PartidoMapperImpl.jugadorListToJugadorDTOList(PartidoMapperImpl.java:96) ~[classes!/:1.0]
	at com.gestion.jugadores.mapper.PartidoMapperImpl.equipoToEquipoDTO(PartidoMapperImpl.java:113) ~[classes!/:1.0]
	at com.gestion.jugadores.mapper.PartidoMapperImpl.jugadorToJugadorDTO(PartidoMapperImpl.java:84) ~[classes!/:1.0]
	at com.gestion.jugadores.mapper.PartidoMapperImpl.jugadorListToJugadorDTOList(PartidoMapperImpl.java:96) ~[classes!/:1.0]
	at com.gestion.jugadores.mapper.PartidoMapperImpl.equipoToEquipoDTO(PartidoMapperImpl.java:113) ~[classes!/:1.0]
	at com.gestion.jugadores.mapper.PartidoMapperImpl.jugadorToJugadorDTO(PartidoMapperImpl.java:84) ~[classes!/:1.0]
	at com.gestion.jugadores.mapper.PartidoMapperImpl.jugadorListToJugadorDTOList(PartidoMapperImpl.java:96) ~[classes!/:1.0]
	at com.gestion.jugadores.mapper.PartidoMapperImpl.equipoToEquipoDTO(PartidoMapperImpl.java:113) ~[classes!/:1.0]
	at com.gestion.jugadores.mapper.PartidoMapperImpl.jugadorToJugadorDTO(PartidoMapperImpl.java:84) ~[classes!/:1.0]
	at com.gestion.jugadores.mapper.PartidoMapperImpl.jugadorListToJugadorDTOList(PartidoMapperImpl.java:96) ~[classes!/:1.0]
	at com.gestion.jugadores.mapper.PartidoMapperImpl.equipoToEquipoDTO(PartidoMapperImpl.java:113) ~[classes!/:1.0]
	at com.gestion.jugadores.mapper.PartidoMapperImpl.jugadorToJugadorDTO(PartidoMapperImpl.java:84) ~[classes!/:1.0]
	at com.gestion.jugadores.mapper.PartidoMapperImpl.jugadorListToJugadorDTOList(PartidoMapperImpl.java:96) ~[classes!/:1.0]
	at com.gestion.jugadores.mapper.PartidoMapperImpl.equipoToEquipoDTO(PartidoMapperImpl.java:113) ~[classes!/:1.0]
	at com.gestion.jugadores.mapper.PartidoMapperImpl.jugadorToJugadorDTO(PartidoMapperImpl.java:84) ~[classes!/:1.0]
	at com.gestion.jugadores.mapper.PartidoMapperImpl.jugadorListToJugadorDTOList(PartidoMapperImpl.java:96) ~[classes!/:1.0]
	at com.gestion.jugadores.mapper.PartidoMapperImpl.equipoToEquipoDTO(PartidoMapperImpl.java:113) ~[classes!/:1.0]
	at com.gestion.jugadores.mapper.PartidoMapperImpl.jugadorToJugadorDTO(PartidoMapperImpl.java:84) ~[classes!/:1.0]
	at com.gestion.jugadores.mapper.PartidoMapperImpl.jugadorListToJugadorDTOList(PartidoMapperImpl.java:96) ~[classes!/:1.0]
	at com.gestion.jugadores.mapper.PartidoMapperImpl.equipoToEquipoDTO(PartidoMapperImpl.java:113) ~[classes!/:1.0]
	at com.gestion.jugadores.mapper.PartidoMapperImpl.jugadorToJugadorDTO(PartidoMapperImpl.java:84) ~[classes!/:1.0]
	at com.gestion.jugadores.mapper.PartidoMapperImpl.jugadorListToJugadorDTOList(PartidoMapperImpl.java:96) ~[classes!/:1.0]
	at com.gestion.jugadores.mapper.PartidoMapperImpl.equipoToEquipoDTO(PartidoMapperImpl.java:113) ~[classes!/:1.0]
	at com.gestion.jugadores.mapper.PartidoMapperImpl.jugadorToJugadorDTO(PartidoMapperImpl.java:84) ~[classes!/:1.0]
	at com.gestion.jugadores.mapper.PartidoMapperImpl.jugadorListToJugadorDTOList(PartidoMapperImpl.java:96) ~[classes!/:1.0]
	at com.gestion.jugadores.mapper.PartidoMapperImpl.equipoToEquipoDTO(PartidoMapperImpl.java:113) ~[classes!/:1.0]
	at com.gestion.jugadores.mapper.PartidoMapperImpl.jugadorToJugadorDTO(PartidoMapperImpl.java:84) ~[classes!/:1.0]
	at com.gestion.jugadores.mapper.PartidoMapperImpl.jugadorListToJugadorDTOList(PartidoMapperImpl.java:96) ~[classes!/:1.0]
	at com.gestion.jugadores.mapper.PartidoMapperImpl.equipoToEquipoDTO(PartidoMapperImpl.java:113) ~[classes!/:1.0]
	at com.gestion.jugadores.mapper.PartidoMapperImpl.jugadorToJugadorDTO(PartidoMapperImpl.java:84) ~[classes!/:1.0]
	at com.gestion.jugadores.mapper.PartidoMapperImpl.jugadorListToJugadorDTOList(PartidoMapperImpl.java:96) ~[classes!/:1.0]
	at com.gestion.jugadores.mapper.PartidoMapperImpl.equipoToEquipoDTO(PartidoMapperImpl.java:113) ~[classes!/:1.0]
	at com.gestion.jugadores.mapper.PartidoMapperImpl.jugadorToJugadorDTO(PartidoMapperImpl.java:84) ~[classes!/:1.0]
	at com.gestion.jugadores.mapper.PartidoMapperImpl.jugadorListToJugadorDTOList(PartidoMapperImpl.java:96) ~[classes!/:1.0]
	at com.gestion.jugadores.mapper.PartidoMapperImpl.equipoToEquipoDTO(PartidoMapperImpl.java:113) ~[classes!/:1.0]
	at com.gestion.jugadores.mapper.PartidoMapperImpl.jugadorToJugadorDTO(PartidoMapperImpl.java:84) ~[classes!/:1.0]
	at com.gestion.jugadores.mapper.PartidoMapperImpl.jugadorListToJugadorDTOList(PartidoMapperImpl.java:96) ~[classes!/:1.0]
	at com.gestion.jugadores.mapper.PartidoMapperImpl.equipoToEquipoDTO(PartidoMapperImpl.java:113) ~[classes!/:1.0]
	at com.gestion.jugadores.mapper.PartidoMapperImpl.jugadorToJugadorDTO(PartidoMapperImpl.java:84) ~[classes!/:1.0]
	at com.gestion.jugadores.mapper.PartidoMapperImpl.jugadorListToJugadorDTOList(PartidoMapperImpl.java:96) ~[classes!/:1.0]
	at com.gestion.jugadores.mapper.PartidoMapperImpl.equipoToEquipoDTO(PartidoMapperImpl.java:113) ~[classes!/:1.0]
	at com.gestion.jugadores.mapper.PartidoMapperImpl.jugadorToJugadorDTO(PartidoMapperImpl.java:84) ~[classes!/:1.0]
	at com.gestion.jugadores.mapper.PartidoMapperImpl.jugadorListToJugadorDTOList(PartidoMapperImpl.java:96) ~[classes!/:1.0]
	at com.gestion.jugadores.mapper.PartidoMapperImpl.equipoToEquipoDTO(PartidoMapperImpl.java:113) ~[classes!/:1.0]
	at com.gestion.jugadores.mapper.PartidoMapperImpl.jugadorToJugadorDTO(PartidoMapperImpl.java:84) ~[classes!/:1.0]
	at com.gestion.jugadores.mapper.PartidoMapperImpl.jugadorListToJugadorDTOList(PartidoMapperImpl.java:96) ~[classes!/:1.0]
	at com.gestion.jugadores.mapper.PartidoMapperImpl.equipoToEquipoDTO(PartidoMapperImpl.java:113) ~[classes!/:1.0]
	at com.gestion.jugadores.mapper.PartidoMapperImpl.jugadorToJugadorDTO(PartidoMapperImpl.java:84) ~[classes!/:1.0]
	at com.gestion.jugadores.mapper.PartidoMapperImpl.jugadorListToJugadorDTOList(PartidoMapperImpl.java:96) ~[classes!/:1.0]
	at com.gestion.jugadores.mapper.PartidoMapperImpl.equipoToEquipoDTO(PartidoMapperImpl.java:113) ~[classes!/:1.0]
	at com.gestion.jugadores.mapper.PartidoMapperImpl.jugadorToJugadorDTO(PartidoMapperImpl.java:84) ~[classes!/:1.0]
	at com.gestion.jugadores.mapper.PartidoMapperImpl.jugadorListToJugadorDTOList(PartidoMapperImpl.java:96) ~[classes!/:1.0]
	at com.gestion.jugadores.mapper.PartidoMapperImpl.equipoToEquipoDTO(PartidoMapperImpl.java:113) ~[classes!/:1.0]
	at com.gestion.jugadores.mapper.PartidoMapperImpl.jugadorToJugadorDTO(PartidoMapperImpl.java:84) ~[classes!/:1.0]
	at com.gestion.jugadores.mapper.PartidoMapperImpl.jugadorListToJugadorDTOList(PartidoMapperImpl.java:96) ~[classes!/:1.0]
	at com.gestion.jugadores.mapper.PartidoMapperImpl.equipoToEquipoDTO(PartidoMapperImpl.java:113) ~[classes!/:1.0]
	at com.gestion.jugadores.mapper.PartidoMapperImpl.jugadorToJugadorDTO(PartidoMapperImpl.java:84) ~[classes!/:1.0]
	at com.gestion.jugadores.mapper.PartidoMapperImpl.jugadorListToJugadorDTOList(PartidoMapperImpl.java:96) ~[classes!/:1.0]
	at com.gestion.jugadores.mapper.PartidoMapperImpl.equipoToEquipoDTO(PartidoMapperImpl.java:113) ~[classes!/:1.0]
	at com.gestion.jugadores.mapper.PartidoMapperImpl.jugadorToJugadorDTO(PartidoMapperImpl.java:84) ~[classes!/:1.0]
	at com.gestion.jugadores.mapper.PartidoMapperImpl.jugadorListToJugadorDTOList(PartidoMapperImpl.java:96) ~[classes!/:1.0]
	at com.gestion.jugadores.mapper.PartidoMapperImpl.equipoToEquipoDTO(PartidoMapperImpl.java:113) ~[classes!/:1.0]
	at com.gestion.jugadores.mapper.PartidoMapperImpl.jugadorToJugadorDTO(PartidoMapperImpl.java:84) ~[classes!/:1.0]
	at com.gestion.jugadores.mapper.PartidoMapperImpl.jugadorListToJugadorDTOList(PartidoMapperImpl.java:96) ~[classes!/:1.0]
	at com.gestion.jugadores.mapper.PartidoMapperImpl.equipoToEquipoDTO(PartidoMapperImpl.java:113) ~[classes!/:1.0]
	at com.gestion.jugadores.mapper.PartidoMapperImpl.jugadorToJugadorDTO(PartidoMapperImpl.java:84) ~[classes!/:1.0]
	at com.gestion.jugadores.mapper.PartidoMapperImpl.jugadorListToJugadorDTOList(PartidoMapperImpl.java:96) ~[classes!/:1.0]
	at com.gestion.jugadores.mapper.PartidoMapperImpl.equipoToEquipoDTO(PartidoMapperImpl.java:113) ~[classes!/:1.0]
	at com.gestion.jugadores.mapper.PartidoMapperImpl.jugadorToJugadorDTO(PartidoMapperImpl.java:84) ~[classes!/:1.0]
	at com.gestion.jugadores.mapper.PartidoMapperImpl.jugadorListToJugadorDTOList(PartidoMapperImpl.java:96) ~[classes!/:1.0]
	at com.gestion.jugadores.mapper.PartidoMapperImpl.equipoToEquipoDTO(PartidoMapperImpl.java:113) ~[classes!/:1.0]
	at com.gestion.jugadores.mapper.PartidoMapperImpl.jugadorToJugadorDTO(PartidoMapperImpl.java:84) ~[classes!/:1.0]
	at com.gestion.jugadores.mapper.PartidoMapperImpl.jugadorListToJugadorDTOList(PartidoMapperImpl.java:96) ~[classes!/:1.0]
	at com.gestion.jugadores.mapper.PartidoMapperImpl.equipoToEquipoDTO(PartidoMapperImpl.java:113) ~[classes!/:1.0]
	at com.gestion.jugadores.mapper.PartidoMapperImpl.jugadorToJugadorDTO(PartidoMapperImpl.java:84) ~[classes!/:1.0]
	at com.gestion.jugadores.mapper.PartidoMapperImpl.jugadorListToJugadorDTOList(PartidoMapperImpl.java:96) ~[classes!/:1.0]
	at com.gestion.jugadores.mapper.PartidoMapperImpl.equipoToEquipoDTO(PartidoMapperImpl.java:113) ~[classes!/:1.0]
	at com.gestion.jugadores.mapper.PartidoMapperImpl.jugadorToJugadorDTO(PartidoMapperImpl.java:84) ~[classes!/:1.0]
	at com.gestion.jugadores.mapper.PartidoMapperImpl.jugadorListToJugadorDTOList(PartidoMapperImpl.java:96) ~[classes!/:1.0]
	at com.gestion.jugadores.mapper.PartidoMapperImpl.equipoToEquipoDTO(PartidoMapperImpl.java:113) ~[classes!/:1.0]
	at com.gestion.jugadores.mapper.PartidoMapperImpl.jugadorToJugadorDTO(PartidoMapperImpl.java:84) ~[classes!/:1.0]
	at com.gestion.jugadores.mapper.PartidoMapperImpl.jugadorListToJugadorDTOList(PartidoMapperImpl.java:96) ~[classes!/:1.0]
	at com.gestion.jugadores.mapper.PartidoMapperImpl.equipoToEquipoDTO(PartidoMapperImpl.java:113) ~[classes!/:1.0]
	at com.gestion.jugadores.mapper.PartidoMapperImpl.jugadorToJugadorDTO(PartidoMapperImpl.java:84) ~[classes!/:1.0]
	at com.gestion.jugadores.mapper.PartidoMapperImpl.jugadorListToJugadorDTOList(PartidoMapperImpl.java:96) ~[classes!/:1.0]
	at com.gestion.jugadores.mapper.PartidoMapperImpl.equipoToEquipoDTO(PartidoMapperImpl.java:113) ~[classes!/:1.0]
	at com.gestion.jugadores.mapper.PartidoMapperImpl.jugadorToJugadorDTO(PartidoMapperImpl.java:84) ~[classes!/:1.0]
	at com.gestion.jugadores.mapper.PartidoMapperImpl.jugadorListToJugadorDTOList(PartidoMapperImpl.java:96) ~[classes!/:1.0]
	at com.gestion.jugadores.mapper.PartidoMapperImpl.equipoToEquipoDTO(PartidoMapperImpl.java:113) ~[classes!/:1.0]
	at com.gestion.jugadores.mapper.PartidoMapperImpl.jugadorToJugadorDTO(PartidoMapperImpl.java:84) ~[classes!/:1.0]
	at com.gestion.jugadores.mapper.PartidoMapperImpl.jugadorListToJugadorDTOList(PartidoMapperImpl.java:96) ~[classes!/:1.0]
	at com.gestion.jugadores.mapper.PartidoMapperImpl.equipoToEquipoDTO(PartidoMapperImpl.java:113) ~[classes!/:1.0]
	at com.gestion.jugadores.mapper.PartidoMapperImpl.jugadorToJugadorDTO(PartidoMapperImpl.java:84) ~[classes!/:1.0]
	at com.gestion.jugadores.mapper.PartidoMapperImpl.jugadorListToJugadorDTOList(PartidoMapperImpl.java:96) ~[classes!/:1.0]
	at com.gestion.jugadores.mapper.PartidoMapperImpl.equipoToEquipoDTO(PartidoMapperImpl.java:113) ~[classes!/:1.0]
	at com.gestion.jugadores.mapper.PartidoMapperImpl.jugadorToJugadorDTO(PartidoMapperImpl.java:84) ~[classes!/:1.0]
	at com.gestion.jugadores.mapper.PartidoMapperImpl.jugadorListToJugadorDTOList(PartidoMapperImpl.java:96) ~[classes!/:1.0]
	at com.gestion.jugadores.mapper.PartidoMapperImpl.equipoToEquipoDTO(PartidoMapperImpl.java:113) ~[classes!/:1.0]
	at com.gestion.jugadores.mapper.PartidoMapperImpl.jugadorToJugadorDTO(PartidoMapperImpl.java:84) ~[classes!/:1.0]
	at com.gestion.jugadores.mapper.PartidoMapperImpl.jugadorListToJugadorDTOList(PartidoMapperImpl.java:96) ~[classes!/:1.0]
	at com.gestion.jugadores.mapper.PartidoMapperImpl.equipoToEquipoDTO(PartidoMapperImpl.java:113) ~[classes!/:1.0]
	at com.gestion.jugadores.mapper.PartidoMapperImpl.jugadorToJugadorDTO(PartidoMapperImpl.java:84) ~[classes!/:1.0]
	at com.gestion.jugadores.mapper.PartidoMapperImpl.jugadorListToJugadorDTOList(PartidoMapperImpl.java:96) ~[classes!/:1.0]
	at com.gestion.jugadores.mapper.PartidoMapperImpl.equipoToEquipoDTO(PartidoMapperImpl.java:113) ~[classes!/:1.0]
	at com.gestion.jugadores.mapper.PartidoMapperImpl.jugadorToJugadorDTO(PartidoMapperImpl.java:84) ~[classes!/:1.0]
	at com.gestion.jugadores.mapper.PartidoMapperImpl.jugadorListToJugadorDTOList(PartidoMapperImpl.java:96) ~[classes!/:1.0]
	at com.gestion.jugadores.mapper.PartidoMapperImpl.equipoToEquipoDTO(PartidoMapperImpl.java:113) ~[classes!/:1.0]
	at com.gestion.jugadores.mapper.PartidoMapperImpl.jugadorToJugadorDTO(PartidoMapperImpl.java:84) ~[classes!/:1.0]
	at com.gestion.jugadores.mapper.PartidoMapperImpl.jugadorListToJugadorDTOList(PartidoMapperImpl.java:96) ~[classes!/:1.0]
	at com.gestion.jugadores.mapper.PartidoMapperImpl.equipoToEquipoDTO(PartidoMapperImpl.java:113) ~[classes!/:1.0]
	at com.gestion.jugadores.mapper.PartidoMapperImpl.jugadorToJugadorDTO(PartidoMapperImpl.java:84) ~[classes!/:1.0]
	at com.gestion.jugadores.mapper.PartidoMapperImpl.jugadorListToJugadorDTOList(PartidoMapperImpl.java:96) ~[classes!/:1.0]
	at com.gestion.jugadores.mapper.PartidoMapperImpl.equipoToEquipoDTO(PartidoMapperImpl.java:113) ~[classes!/:1.0]
	at com.gestion.jugadores.mapper.PartidoMapperImpl.jugadorToJugadorDTO(PartidoMapperImpl.java:84) ~[classes!/:1.0]
	at com.gestion.jugadores.mapper.PartidoMapperImpl.jugadorListToJugadorDTOList(PartidoMapperImpl.java:96) ~[classes!/:1.0]
	at com.gestion.jugadores.mapper.PartidoMapperImpl.equipoToEquipoDTO(PartidoMapperImpl.java:113) ~[classes!/:1.0]
	at com.gestion.jugadores.mapper.PartidoMapperImpl.jugadorToJugadorDTO(PartidoMapperImpl.java:84) ~[classes!/:1.0]
	at com.gestion.jugadores.mapper.PartidoMapperImpl.jugadorListToJugadorDTOList(PartidoMapperImpl.java:96) ~[classes!/:1.0]
	at com.gestion.jugadores.mapper.PartidoMapperImpl.equipoToEquipoDTO(PartidoMapperImpl.java:113) ~[classes!/:1.0]
	at com.gestion.jugadores.mapper.PartidoMapperImpl.jugadorToJugadorDTO(PartidoMapperImpl.java:84) ~[classes!/:1.0]
	at com.gestion.jugadores.mapper.PartidoMapperImpl.jugadorListToJugadorDTOList(PartidoMapperImpl.java:96) ~[classes!/:1.0]
	at com.gestion.jugadores.mapper.PartidoMapperImpl.equipoToEquipoDTO(PartidoMapperImpl.java:113) ~[classes!/:1.0]
	at com.gestion.jugadores.mapper.PartidoMapperImpl.jugadorToJugadorDTO(PartidoMapperImpl.java:84) ~[classes!/:1.0]
	at com.gestion.jugadores.mapper.PartidoMapperImpl.jugadorListToJugadorDTOList(PartidoMapperImpl.java:96) ~[classes!/:1.0]
	at com.gestion.jugadores.mapper.PartidoMapperImpl.equipoToEquipoDTO(PartidoMapperImpl.java:113) ~[classes!/:1.0]
	at com.gestion.jugadores.mapper.PartidoMapperImpl.jugadorToJugadorDTO(PartidoMapperImpl.java:84) ~[classes!/:1.0]
	at com.gestion.jugadores.mapper.PartidoMapperImpl.jugadorListToJugadorDTOList(PartidoMapperImpl.java:96) ~[classes!/:1.0]
	at com.gestion.jugadores.mapper.PartidoMapperImpl.equipoToEquipoDTO(PartidoMapperImpl.java:113) ~[classes!/:1.0]
	at com.gestion.jugadores.mapper.PartidoMapperImpl.jugadorToJugadorDTO(PartidoMapperImpl.java:84) ~[classes!/:1.0]
	at com.gestion.jugadores.mapper.PartidoMapperImpl.jugadorListToJugadorDTOList(PartidoMapperImpl.java:96) ~[classes!/:1.0]
	at com.gestion.jugadores.mapper.PartidoMapperImpl.equipoToEquipoDTO(PartidoMapperImpl.java:113) ~[classes!/:1.0]
	at com.gestion.jugadores.mapper.PartidoMapperImpl.jugadorToJugadorDTO(PartidoMapperImpl.java:84) ~[classes!/:1.0]
	at com.gestion.jugadores.mapper.PartidoMapperImpl.jugadorListToJugadorDTOList(PartidoMapperImpl.java:96) ~[classes!/:1.0]
	at com.gestion.jugadores.mapper.PartidoMapperImpl.equipoToEquipoDTO(PartidoMapperImpl.java:113) ~[classes!/:1.0]
	at com.gestion.jugadores.mapper.PartidoMapperImpl.jugadorToJugadorDTO(PartidoMapperImpl.java:84) ~[classes!/:1.0]
	at com.gestion.jugadores.mapper.PartidoMapperImpl.jugadorListToJugadorDTOList(PartidoMapperImpl.java:96) ~[classes!/:1.0]
	at com.gestion.jugadores.mapper.PartidoMapperImpl.equipoToEquipoDTO(PartidoMapperImpl.java:113) ~[classes!/:1.0]
	at com.gestion.jugadores.mapper.PartidoMapperImpl.jugadorToJugadorDTO(PartidoMapperImpl.java:84) ~[classes!/:1.0]
	at com.gestion.jugadores.mapper.PartidoMapperImpl.jugadorListToJugadorDTOList(PartidoMapperImpl.java:96) ~[classes!/:1.0]
	at com.gestion.jugadores.mapper.PartidoMapperImpl.equipoToEquipoDTO(PartidoMapperImpl.java:113) ~[classes!/:1.0]
	at com.gestion.jugadores.mapper.PartidoMapperImpl.jugadorToJugadorDTO(PartidoMapperImpl.java:84) ~[classes!/:1.0]
	at com.gestion.jugadores.mapper.PartidoMapperImpl.jugadorListToJugadorDTOList(PartidoMapperImpl.java:96) ~[classes!/:1.0]
	at com.gestion.jugadores.mapper.PartidoMapperImpl.equipoToEquipoDTO(PartidoMapperImpl.java:113) ~[classes!/:1.0]
	at com.gestion.jugadores.mapper.PartidoMapperImpl.jugadorToJugadorDTO(PartidoMapperImpl.java:84) ~[classes!/:1.0]
	at com.gestion.jugadores.mapper.PartidoMapperImpl.jugadorListToJugadorDTOList(PartidoMapperImpl.java:96) ~[classes!/:1.0]
	at com.gestion.jugadores.mapper.PartidoMapperImpl.equipoToEquipoDTO(PartidoMapperImpl.java:113) ~[classes!/:1.0]
	at com.gestion.jugadores.mapper.PartidoMapperImpl.jugadorToJugadorDTO(PartidoMapperImpl.java:84) ~[classes!/:1.0]
	at com.gestion.jugadores.mapper.PartidoMapperImpl.jugadorListToJugadorDTOList(PartidoMapperImpl.java:96) ~[classes!/:1.0]
	at com.gestion.jugadores.mapper.PartidoMapperImpl.equipoToEquipoDTO(PartidoMapperImpl.java:113) ~[classes!/:1.0]
	at com.gestion.jugadores.mapper.PartidoMapperImpl.jugadorToJugadorDTO(PartidoMapperImpl.java:84) ~[classes!/:1.0]
	at com.gestion.jugadores.mapper.PartidoMapperImpl.jugadorListToJugadorDTOList(PartidoMapperImpl.java:96) ~[classes!/:1.0]
	at com.gestion.jugadores.mapper.PartidoMapperImpl.equipoToEquipoDTO(PartidoMapperImpl.java:113) ~[classes!/:1.0]
	at com.gestion.jugadores.mapper.PartidoMapperImpl.jugadorToJugadorDTO(PartidoMapperImpl.java:84) ~[classes!/:1.0]
	at com.gestion.jugadores.mapper.PartidoMapperImpl.jugadorListToJugadorDTOList(PartidoMapperImpl.java:96) ~[classes!/:1.0]
	at com.gestion.jugadores.mapper.PartidoMapperImpl.equipoToEquipoDTO(PartidoMapperImpl.java:113) ~[classes!/:1.0]
	at com.gestion.jugadores.mapper.PartidoMapperImpl.jugadorToJugadorDTO(PartidoMapperImpl.java:84) ~[classes!/:1.0]
	at com.gestion.jugadores.mapper.PartidoMapperImpl.jugadorListToJugadorDTOList(PartidoMapperImpl.java:96) ~[classes!/:1.0]
	at com.gestion.jugadores.mapper.PartidoMapperImpl.equipoToEquipoDTO(PartidoMapperImpl.java:113) ~[classes!/:1.0]
	at com.gestion.jugadores.mapper.PartidoMapperImpl.jugadorToJugadorDTO(PartidoMapperImpl.java:84) ~[classes!/:1.0]
	at com.gestion.jugadores.mapper.PartidoMapperImpl.jugadorListToJugadorDTOList(PartidoMapperImpl.java:96) ~[classes!/:1.0]
	at com.gestion.jugadores.mapper.PartidoMapperImpl.equipoToEquipoDTO(PartidoMapperImpl.java:113) ~[classes!/:1.0]
	at com.gestion.jugadores.mapper.PartidoMapperImpl.jugadorToJugadorDTO(PartidoMapperImpl.java:84) ~[classes!/:1.0]
	at com.gestion.jugadores.mapper.PartidoMapperImpl.jugadorListToJugadorDTOList(PartidoMapperImpl.java:96) ~[classes!/:1.0]
	at com.gestion.jugadores.mapper.PartidoMapperImpl.equipoToEquipoDTO(PartidoMapperImpl.java:113) ~[classes!/:1.0]
	at com.gestion.jugadores.mapper.PartidoMapperImpl.jugadorToJugadorDTO(PartidoMapperImpl.java:84) ~[classes!/:1.0]
	at com.gestion.jugadores.mapper.PartidoMapperImpl.jugadorListToJugadorDTOList(PartidoMapperImpl.java:96) ~[classes!/:1.0]
	at com.gestion.jugadores.mapper.PartidoMapperImpl.equipoToEquipoDTO(PartidoMapperImpl.java:113) ~[classes!/:1.0]
	at com.gestion.jugadores.mapper.PartidoMapperImpl.jugadorToJugadorDTO(PartidoMapperImpl.java:84) ~[classes!/:1.0]
	at com.gestion.jugadores.mapper.PartidoMapperImpl.jugadorListToJugadorDTOList(PartidoMapperImpl.java:96) ~[classes!/:1.0]
	at com.gestion.jugadores.mapper.PartidoMapperImpl.equipoToEquipoDTO(PartidoMapperImpl.java:113) ~[classes!/:1.0]
	at com.gestion.jugadores.mapper.PartidoMapperImpl.jugadorToJugadorDTO(PartidoMapperImpl.java:84) ~[classes!/:1.0]
	at com.gestion.jugadores.mapper.PartidoMapperImpl.jugadorListToJugadorDTOList(PartidoMapperImpl.java:96) ~[classes!/:1.0]
	at com.gestion.jugadores.mapper.PartidoMapperImpl.equipoToEquipoDTO(PartidoMapperImpl.java:113) ~[classes!/:1.0]
	at com.gestion.jugadores.mapper.PartidoMapperImpl.jugadorToJugadorDTO(PartidoMapperImpl.java:84) ~[classes!/:1.0]
	at com.gestion.jugadores.mapper.PartidoMapperImpl.jugadorListToJugadorDTOList(PartidoMapperImpl.java:96) ~[classes!/:1.0]
	at com.gestion.jugadores.mapper.PartidoMapperImpl.equipoToEquipoDTO(PartidoMapperImpl.java:113) ~[classes!/:1.0]
	at com.gestion.jugadores.mapper.PartidoMapperImpl.jugadorToJugadorDTO(PartidoMapperImpl.java:84) ~[classes!/:1.0]
	at com.gestion.jugadores.mapper.PartidoMapperImpl.jugadorListToJugadorDTOList(PartidoMapperImpl.java:96) ~[classes!/:1.0]
	at com.gestion.jugadores.mapper.PartidoMapperImpl.equipoToEquipoDTO(PartidoMapperImpl.java:113) ~[classes!/:1.0]
	at com.gestion.jugadores.mapper.PartidoMapperImpl.jugadorToJugadorDTO(PartidoMapperImpl.java:84) ~[classes!/:1.0]
	at com.gestion.jugadores.mapper.PartidoMapperImpl.jugadorListToJugadorDTOList(PartidoMapperImpl.java:96) ~[classes!/:1.0]
	at com.gestion.jugadores.mapper.PartidoMapperImpl.equipoToEquipoDTO(PartidoMapperImpl.java:113) ~[classes!/:1.0]
	at com.gestion.jugadores.mapper.PartidoMapperImpl.jugadorToJugadorDTO(PartidoMapperImpl.java:84) ~[classes!/:1.0]
	at com.gestion.jugadores.mapper.PartidoMapperImpl.jugadorListToJugadorDTOList(PartidoMapperImpl.java:96) ~[classes!/:1.0]
	at com.gestion.jugadores.mapper.PartidoMapperImpl.equipoToEquipoDTO(PartidoMapperImpl.java:113) ~[classes!/:1.0]
	at com.gestion.jugadores.mapper.PartidoMapperImpl.jugadorToJugadorDTO(PartidoMapperImpl.java:84) ~[classes!/:1.0]
	at com.gestion.jugadores.mapper.PartidoMapperImpl.jugadorListToJugadorDTOList(PartidoMapperImpl.java:96) ~[classes!/:1.0]
	at com.gestion.jugadores.mapper.PartidoMapperImpl.equipoToEquipoDTO(PartidoMapperImpl.java:113) ~[classes!/:1.0]
	at com.gestion.jugadores.mapper.PartidoMapperImpl.jugadorToJugadorDTO(PartidoMapperImpl.java:84) ~[classes!/:1.0]
	at com.gestion.jugadores.mapper.PartidoMapperImpl.jugadorListToJugadorDTOList(PartidoMapperImpl.java:96) ~[classes!/:1.0]
	at com.gestion.jugadores.mapper.PartidoMapperImpl.equipoToEquipoDTO(PartidoMapperImpl.java:113) ~[classes!/:1.0]
	at com.gestion.jugadores.mapper.PartidoMapperImpl.jugadorToJugadorDTO(PartidoMapperImpl.java:84) ~[classes!/:1.0]
	at com.gestion.jugadores.mapper.PartidoMapperImpl.jugadorListToJugadorDTOList(PartidoMapperImpl.java:96) ~[classes!/:1.0]
	at com.gestion.jugadores.mapper.PartidoMapperImpl.equipoToEquipoDTO(PartidoMapperImpl.java:113) ~[classes!/:1.0]
	at com.gestion.jugadores.mapper.PartidoMapperImpl.jugadorToJugadorDTO(PartidoMapperImpl.java:84) ~[classes!/:1.0]
	at com.gestion.jugadores.mapper.PartidoMapperImpl.jugadorListToJugadorDTOList(PartidoMapperImpl.java:96) ~[classes!/:1.0]
	at com.gestion.jugadores.mapper.PartidoMapperImpl.equipoToEquipoDTO(PartidoMapperImpl.java:113) ~[classes!/:1.0]
	at com.gestion.jugadores.mapper.PartidoMapperImpl.jugadorToJugadorDTO(PartidoMapperImpl.java:84) ~[classes!/:1.0]
	at com.gestion.jugadores.mapper.PartidoMapperImpl.jugadorListToJugadorDTOList(PartidoMapperImpl.java:96) ~[classes!/:1.0]
	at com.gestion.jugadores.mapper.PartidoMapperImpl.equipoToEquipoDTO(PartidoMapperImpl.java:113) ~[classes!/:1.0]
	at com.gestion.jugadores.mapper.PartidoMapperImpl.jugadorToJugadorDTO(PartidoMapperImpl.java:84) ~[classes!/:1.0]
	at com.gestion.jugadores.mapper.PartidoMapperImpl.jugadorListToJugadorDTOList(PartidoMapperImpl.java:96) ~[classes!/:1.0]
	at com.gestion.jugadores.mapper.PartidoMapperImpl.equipoToEquipoDTO(PartidoMapperImpl.java:113) ~[classes!/:1.0]
	at com.gestion.jugadores.mapper.PartidoMapperImpl.jugadorToJugadorDTO(PartidoMapperImpl.java:84) ~[classes!/:1.0]
	at com.gestion.jugadores.mapper.PartidoMapperImpl.jugadorListToJugadorDTOList(PartidoMapperImpl.java:96) ~[classes!/:1.0]
	at com.gestion.jugadores.mapper.PartidoMapperImpl.equipoToEquipoDTO(PartidoMapperImpl.java:113) ~[classes!/:1.0]
	at com.gestion.jugadores.mapper.PartidoMapperImpl.jugadorToJugadorDTO(PartidoMapperImpl.java:84) ~[classes!/:1.0]
	at com.gestion.jugadores.mapper.PartidoMapperImpl.jugadorListToJugadorDTOList(PartidoMapperImpl.java:96) ~[classes!/:1.0]
	at com.gestion.jugadores.mapper.PartidoMapperImpl.equipoToEquipoDTO(PartidoMapperImpl.java:113) ~[classes!/:1.0]
	at com.gestion.jugadores.mapper.PartidoMapperImpl.jugadorToJugadorDTO(PartidoMapperImpl.java:84) ~[classes!/:1.0]
	at com.gestion.jugadores.mapper.PartidoMapperImpl.jugadorListToJugadorDTOList(PartidoMapperImpl.java:96) ~[classes!/:1.0]
	at com.gestion.jugadores.mapper.PartidoMapperImpl.equipoToEquipoDTO(PartidoMapperImpl.java:113) ~[classes!/:1.0]
	at com.gestion.jugadores.mapper.PartidoMapperImpl.jugadorToJugadorDTO(PartidoMapperImpl.java:84) ~[classes!/:1.0]
	at com.gestion.jugadores.mapper.PartidoMapperImpl.jugadorListToJugadorDTOList(PartidoMapperImpl.java:96) ~[classes!/:1.0]
	at com.gestion.jugadores.mapper.PartidoMapperImpl.equipoToEquipoDTO(PartidoMapperImpl.java:113) ~[classes!/:1.0]
	at com.gestion.jugadores.mapper.PartidoMapperImpl.jugadorToJugadorDTO(PartidoMapperImpl.java:84) ~[classes!/:1.0]
	at com.gestion.jugadores.mapper.PartidoMapperImpl.jugadorListToJugadorDTOList(PartidoMapperImpl.java:96) ~[classes!/:1.0]
	at com.gestion.jugadores.mapper.PartidoMapperImpl.equipoToEquipoDTO(PartidoMapperImpl.java:113) ~[classes!/:1.0]
	at com.gestion.jugadores.mapper.PartidoMapperImpl.jugadorToJugadorDTO(PartidoMapperImpl.java:84) ~[classes!/:1.0]
	at com.gestion.jugadores.mapper.PartidoMapperImpl.jugadorListToJugadorDTOList(PartidoMapperImpl.java:96) ~[classes!/:1.0]
	at com.gestion.jugadores.mapper.PartidoMapperImpl.equipoToEquipoDTO(PartidoMapperImpl.java:113) ~[classes!/:1.0]
	at com.gestion.jugadores.mapper.PartidoMapperImpl.jugadorToJugadorDTO(PartidoMapperImpl.java:84) ~[classes!/:1.0]
	at com.gestion.jugadores.mapper.PartidoMapperImpl.jugadorListToJugadorDTOList(PartidoMapperImpl.java:96) ~[classes!/:1.0]
	at com.gestion.jugadores.mapper.PartidoMapperImpl.equipoToEquipoDTO(PartidoMapperImpl.java:113) ~[classes!/:1.0]
	at com.gestion.jugadores.mapper.PartidoMapperImpl.jugadorToJugadorDTO(PartidoMapperImpl.java:84) ~[classes!/:1.0]
	at com.gestion.jugadores.mapper.PartidoMapperImpl.jugadorListToJugadorDTOList(PartidoMapperImpl.java:96) ~[classes!/:1.0]
	at com.gestion.jugadores.mapper.PartidoMapperImpl.equipoToEquipoDTO(PartidoMapperImpl.java:113) ~[classes!/:1.0]
	at com.gestion.jugadores.mapper.PartidoMapperImpl.jugadorToJugadorDTO(PartidoMapperImpl.java:84) ~[classes!/:1.0]
	at com.gestion.jugadores.mapper.PartidoMapperImpl.jugadorListToJugadorDTOList(PartidoMapperImpl.java:96) ~[classes!/:1.0]
	at com.gestion.jugadores.mapper.PartidoMapperImpl.equipoToEquipoDTO(PartidoMapperImpl.java:113) ~[classes!/:1.0]
	at com.gestion.jugadores.mapper.PartidoMapperImpl.jugadorToJugadorDTO(PartidoMapperImpl.java:84) ~[classes!/:1.0]
	at com.gestion.jugadores.mapper.PartidoMapperImpl.jugadorListToJugadorDTOList(PartidoMapperImpl.java:96) ~[classes!/:1.0]
	at com.gestion.jugadores.mapper.PartidoMapperImpl.equipoToEquipoDTO(PartidoMapperImpl.java:113) ~[classes!/:1.0]
	at com.gestion.jugadores.mapper.PartidoMapperImpl.jugadorToJugadorDTO(PartidoMapperImpl.java:84) ~[classes!/:1.0]
	at com.gestion.jugadores.mapper.PartidoMapperImpl.jugadorListToJugadorDTOList(PartidoMapperImpl.java:96) ~[classes!/:1.0]
	at com.gestion.jugadores.mapper.PartidoMapperImpl.equipoToEquipoDTO(PartidoMapperImpl.java:113) ~[classes!/:1.0]
	at com.gestion.jugadores.mapper.PartidoMapperImpl.jugadorToJugadorDTO(PartidoMapperImpl.java:84) ~[classes!/:1.0]
	at com.gestion.jugadores.mapper.PartidoMapperImpl.jugadorListToJugadorDTOList(PartidoMapperImpl.java:96) ~[classes!/:1.0]
	at com.gestion.jugadores.mapper.PartidoMapperImpl.equipoToEquipoDTO(PartidoMapperImpl.java:113) ~[classes!/:1.0]
	at com.gestion.jugadores.mapper.PartidoMapperImpl.jugadorToJugadorDTO(PartidoMapperImpl.java:84) ~[classes!/:1.0]
	at com.gestion.jugadores.mapper.PartidoMapperImpl.jugadorListToJugadorDTOList(PartidoMapperImpl.java:96) ~[classes!/:1.0]
	at com.gestion.jugadores.mapper.PartidoMapperImpl.equipoToEquipoDTO(PartidoMapperImpl.java:113) ~[classes!/:1.0]
	at com.gestion.jugadores.mapper.PartidoMapperImpl.jugadorToJugadorDTO(PartidoMapperImpl.java:84) ~[classes!/:1.0]
	at com.gestion.jugadores.mapper.PartidoMapperImpl.jugadorListToJugadorDTOList(PartidoMapperImpl.java:96) ~[classes!/:1.0]
	at com.gestion.jugadores.mapper.PartidoMapperImpl.equipoToEquipoDTO(PartidoMapperImpl.java:113) ~[classes!/:1.0]
	at com.gestion.jugadores.mapper.PartidoMapperImpl.jugadorToJugadorDTO(PartidoMapperImpl.java:84) ~[classes!/:1.0]
	at com.gestion.jugadores.mapper.PartidoMapperImpl.jugadorListToJugadorDTOList(PartidoMapperImpl.java:96) ~[classes!/:1.0]
	at com.gestion.jugadores.mapper.PartidoMapperImpl.equipoToEquipoDTO(PartidoMapperImpl.java:113) ~[classes!/:1.0]
	at com.gestion.jugadores.mapper.PartidoMapperImpl.jugadorToJugadorDTO(PartidoMapperImpl.java:84) ~[classes!/:1.0]
	at com.gestion.jugadores.mapper.PartidoMapperImpl.jugadorListToJugadorDTOList(PartidoMapperImpl.java:96) ~[classes!/:1.0]
	at com.gestion.jugadores.mapper.PartidoMapperImpl.equipoToEquipoDTO(PartidoMapperImpl.java:113) ~[classes!/:1.0]
	at com.gestion.jugadores.mapper.PartidoMapperImpl.jugadorToJugadorDTO(PartidoMapperImpl.java:84) ~[classes!/:1.0]
	at com.gestion.jugadores.mapper.PartidoMapperImpl.jugadorListToJugadorDTOList(PartidoMapperImpl.java:96) ~[classes!/:1.0]
	at com.gestion.jugadores.mapper.PartidoMapperImpl.equipoToEquipoDTO(PartidoMapperImpl.java:113) ~[classes!/:1.0]
	at com.gestion.jugadores.mapper.PartidoMapperImpl.jugadorToJugadorDTO(PartidoMapperImpl.java:84) ~[classes!/:1.0]
	at com.gestion.jugadores.mapper.PartidoMapperImpl.jugadorListToJugadorDTOList(PartidoMapperImpl.java:96) ~[classes!/:1.0]
	at com.gestion.jugadores.mapper.PartidoMapperImpl.equipoToEquipoDTO(PartidoMapperImpl.java:113) ~[classes!/:1.0]
	at com.gestion.jugadores.mapper.PartidoMapperImpl.jugadorToJugadorDTO(PartidoMapperImpl.java:84) ~[classes!/:1.0]
	at com.gestion.jugadores.mapper.PartidoMapperImpl.jugadorListToJugadorDTOList(PartidoMapperImpl.java:96) ~[classes!/:1.0]
	at com.gestion.jugadores.mapper.PartidoMapperImpl.equipoToEquipoDTO(PartidoMapperImpl.java:113) ~[classes!/:1.0]
	at com.gestion.jugadores.mapper.PartidoMapperImpl.jugadorToJugadorDTO(PartidoMapperImpl.java:84) ~[classes!/:1.0]
	at com.gestion.jugadores.mapper.PartidoMapperImpl.jugadorListToJugadorDTOList(PartidoMapperImpl.java:96) ~[classes!/:1.0]
	at com.gestion.jugadores.mapper.PartidoMapperImpl.equipoToEquipoDTO(PartidoMapperImpl.java:113) ~[classes!/:1.0]
	at com.gestion.jugadores.mapper.PartidoMapperImpl.jugadorToJugadorDTO(PartidoMapperImpl.java:84) ~[classes!/:1.0]
	at com.gestion.jugadores.mapper.PartidoMapperImpl.jugadorListToJugadorDTOList(PartidoMapperImpl.java:96) ~[classes!/:1.0]
	at com.gestion.jugadores.mapper.PartidoMapperImpl.equipoToEquipoDTO(PartidoMapperImpl.java:113) ~[classes!/:1.0]
	at com.gestion.jugadores.mapper.PartidoMapperImpl.jugadorToJugadorDTO(PartidoMapperImpl.java:84) ~[classes!/:1.0]
	at com.gestion.jugadores.mapper.PartidoMapperImpl.jugadorListToJugadorDTOList(PartidoMapperImpl.java:96) ~[classes!/:1.0]
	at com.gestion.jugadores.mapper.PartidoMapperImpl.equipoToEquipoDTO(PartidoMapperImpl.java:113) ~[classes!/:1.0]
	at com.gestion.jugadores.mapper.PartidoMapperImpl.jugadorToJugadorDTO(PartidoMapperImpl.java:84) ~[classes!/:1.0]
	at com.gestion.jugadores.mapper.PartidoMapperImpl.jugadorListToJugadorDTOList(PartidoMapperImpl.java:96) ~[classes!/:1.0]
	at com.gestion.jugadores.mapper.PartidoMapperImpl.equipoToEquipoDTO(PartidoMapperImpl.java:113) ~[classes!/:1.0]
	at com.gestion.jugadores.mapper.PartidoMapperImpl.jugadorToJugadorDTO(PartidoMapperImpl.java:84) ~[classes!/:1.0]
	at com.gestion.jugadores.mapper.PartidoMapperImpl.jugadorListToJugadorDTOList(PartidoMapperImpl.java:96) ~[classes!/:1.0]
	at com.gestion.jugadores.mapper.PartidoMapperImpl.equipoToEquipoDTO(PartidoMapperImpl.java:113) ~[classes!/:1.0]
	at com.gestion.jugadores.mapper.PartidoMapperImpl.jugadorToJugadorDTO(PartidoMapperImpl.java:84) ~[classes!/:1.0]
	at com.gestion.jugadores.mapper.PartidoMapperImpl.jugadorListToJugadorDTOList(PartidoMapperImpl.java:96) ~[classes!/:1.0]
	at com.gestion.jugadores.mapper.PartidoMapperImpl.equipoToEquipoDTO(PartidoMapperImpl.java:113) ~[classes!/:1.0]
	at com.gestion.jugadores.mapper.PartidoMapperImpl.jugadorToJugadorDTO(PartidoMapperImpl.java:84) ~[classes!/:1.0]
	at com.gestion.jugadores.mapper.PartidoMapperImpl.jugadorListToJugadorDTOList(PartidoMapperImpl.java:96) ~[classes!/:1.0]
	at com.gestion.jugadores.mapper.PartidoMapperImpl.equipoToEquipoDTO(PartidoMapperImpl.java:113) ~[classes!/:1.0]
	at com.gestion.jugadores.mapper.PartidoMapperImpl.jugadorToJugadorDTO(PartidoMapperImpl.java:84) ~[classes!/:1.0]
	at com.gestion.jugadores.mapper.PartidoMapperImpl.jugadorListToJugadorDTOList(PartidoMapperImpl.java:96) ~[classes!/:1.0]
	at com.gestion.jugadores.mapper.PartidoMapperImpl.equipoToEquipoDTO(PartidoMapperImpl.java:113) ~[classes!/:1.0]
	at com.gestion.jugadores.mapper.PartidoMapperImpl.jugadorToJugadorDTO(PartidoMapperImpl.java:84) ~[classes!/:1.0]
	at com.gestion.jugadores.mapper.PartidoMapperImpl.jugadorListToJugadorDTOList(PartidoMapperImpl.java:96) ~[classes!/:1.0]
	at com.gestion.jugadores.mapper.PartidoMapperImpl.equipoToEquipoDTO(PartidoMapperImpl.java:113) ~[classes!/:1.0]
	at com.gestion.jugadores.mapper.PartidoMapperImpl.jugadorToJugadorDTO(PartidoMapperImpl.java:84) ~[classes!/:1.0]
	at com.gestion.jugadores.mapper.PartidoMapperImpl.jugadorListToJugadorDTOList(PartidoMapperImpl.java:96) ~[classes!/:1.0]
	at com.gestion.jugadores.mapper.PartidoMapperImpl.equipoToEquipoDTO(PartidoMapperImpl.java:113) ~[classes!/:1.0]
	at com.gestion.jugadores.mapper.PartidoMapperImpl.jugadorToJugadorDTO(PartidoMapperImpl.java:84) ~[classes!/:1.0]
	at com.gestion.jugadores.mapper.PartidoMapperImpl.jugadorListToJugadorDTOList(PartidoMapperImpl.java:96) ~[classes!/:1.0]
	at com.gestion.jugadores.mapper.PartidoMapperImpl.equipoToEquipoDTO(PartidoMapperImpl.java:113) ~[classes!/:1.0]
	at com.gestion.jugadores.mapper.PartidoMapperImpl.jugadorToJugadorDTO(PartidoMapperImpl.java:84) ~[classes!/:1.0]
	at com.gestion.jugadores.mapper.PartidoMapperImpl.jugadorListToJugadorDTOList(PartidoMapperImpl.java:96) ~[classes!/:1.0]
	at com.gestion.jugadores.mapper.PartidoMapperImpl.equipoToEquipoDTO(PartidoMapperImpl.java:113) ~[classes!/:1.0]
	at com.gestion.jugadores.mapper.PartidoMapperImpl.jugadorToJugadorDTO(PartidoMapperImpl.java:84) ~[classes!/:1.0]
	at com.gestion.jugadores.mapper.PartidoMapperImpl.jugadorListToJugadorDTOList(PartidoMapperImpl.java:96) ~[classes!/:1.0]
	at com.gestion.jugadores.mapper.PartidoMapperImpl.equipoToEquipoDTO(PartidoMapperImpl.java:113) ~[classes!/:1.0]
	at com.gestion.jugadores.mapper.PartidoMapperImpl.jugadorToJugadorDTO(PartidoMapperImpl.java:84) ~[classes!/:1.0]
	at com.gestion.jugadores.mapper.PartidoMapperImpl.jugadorListToJugadorDTOList(PartidoMapperImpl.java:96) ~[classes!/:1.0]
	at com.gestion.jugadores.mapper.PartidoMapperImpl.equipoToEquipoDTO(PartidoMapperImpl.java:113) ~[classes!/:1.0]
	at com.gestion.jugadores.mapper.PartidoMapperImpl.jugadorToJugadorDTO(PartidoMapperImpl.java:84) ~[classes!/:1.0]
	at com.gestion.jugadores.mapper.PartidoMapperImpl.jugadorListToJugadorDTOList(PartidoMapperImpl.java:96) ~[classes!/:1.0]
	at com.gestion.jugadores.mapper.PartidoMapperImpl.equipoToEquipoDTO(PartidoMapperImpl.java:113) ~[classes!/:1.0]
	at com.gestion.jugadores.mapper.PartidoMapperImpl.jugadorToJugadorDTO(PartidoMapperImpl.java:84) ~[classes!/:1.0]
	at com.gestion.jugadores.mapper.PartidoMapperImpl.jugadorListToJugadorDTOList(PartidoMapperImpl.java:96) ~[classes!/:1.0]
	at com.gestion.jugadores.mapper.PartidoMapperImpl.equipoToEquipoDTO(PartidoMapperImpl.java:113) ~[classes!/:1.0]
	at com.gestion.jugadores.mapper.PartidoMapperImpl.jugadorToJugadorDTO(PartidoMapperImpl.java:84) ~[classes!/:1.0]
	at com.gestion.jugadores.mapper.PartidoMapperImpl.jugadorListToJugadorDTOList(PartidoMapperImpl.java:96) ~[classes!/:1.0]
	at com.gestion.jugadores.mapper.PartidoMapperImpl.equipoToEquipoDTO(PartidoMapperImpl.java:113) ~[classes!/:1.0]
	at com.gestion.jugadores.mapper.PartidoMapperImpl.jugadorToJugadorDTO(PartidoMapperImpl.java:84) ~[classes!/:1.0]
	at com.gestion.jugadores.mapper.PartidoMapperImpl.jugadorListToJugadorDTOList(PartidoMapperImpl.java:96) ~[classes!/:1.0]
	at com.gestion.jugadores.mapper.PartidoMapperImpl.equipoToEquipoDTO(PartidoMapperImpl.java:113) ~[classes!/:1.0]
	at com.gestion.jugadores.mapper.PartidoMapperImpl.jugadorToJugadorDTO(PartidoMapperImpl.java:84) ~[classes!/:1.0]
	at com.gestion.jugadores.mapper.PartidoMapperImpl.jugadorListToJugadorDTOList(PartidoMapperImpl.java:96) ~[classes!/:1.0]
	at com.gestion.jugadores.mapper.PartidoMapperImpl.equipoToEquipoDTO(PartidoMapperImpl.java:113) ~[classes!/:1.0]
	at com.gestion.jugadores.mapper.PartidoMapperImpl.jugadorToJugadorDTO(PartidoMapperImpl.java:84) ~[classes!/:1.0]
	at com.gestion.jugadores.mapper.PartidoMapperImpl.jugadorListToJugadorDTOList(PartidoMapperImpl.java:96) ~[classes!/:1.0]
	at com.gestion.jugadores.mapper.PartidoMapperImpl.equipoToEquipoDTO(PartidoMapperImpl.java:113) ~[classes!/:1.0]
	at com.gestion.jugadores.mapper.PartidoMapperImpl.jugadorToJugadorDTO(PartidoMapperImpl.java:84) ~[classes!/:1.0]
	at com.gestion.jugadores.mapper.PartidoMapperImpl.jugadorListToJugadorDTOList(PartidoMapperImpl.java:96) ~[classes!/:1.0]
	at com.gestion.jugadores.mapper.PartidoMapperImpl.equipoToEquipoDTO(PartidoMapperImpl.java:113) ~[classes!/:1.0]
	at com.gestion.jugadores.mapper.PartidoMapperImpl.jugadorToJugadorDTO(PartidoMapperImpl.java:84) ~[classes!/:1.0]
	at com.gestion.jugadores.mapper.PartidoMapperImpl.jugadorListToJugadorDTOList(PartidoMapperImpl.java:96) ~[classes!/:1.0]
	at com.gestion.jugadores.mapper.PartidoMapperImpl.equipoToEquipoDTO(PartidoMapperImpl.java:113) ~[classes!/:1.0]
	at com.gestion.jugadores.mapper.PartidoMapperImpl.jugadorToJugadorDTO(PartidoMapperImpl.java:84) ~[classes!/:1.0]
	at com.gestion.jugadores.mapper.PartidoMapperImpl.jugadorListToJugadorDTOList(PartidoMapperImpl.java:96) ~[classes!/:1.0]
	at com.gestion.jugadores.mapper.PartidoMapperImpl.equipoToEquipoDTO(PartidoMapperImpl.java:113) ~[classes!/:1.0]
	at com.gestion.jugadores.mapper.PartidoMapperImpl.jugadorToJugadorDTO(PartidoMapperImpl.java:84) ~[classes!/:1.0]
	at com.gestion.jugadores.mapper.PartidoMapperImpl.jugadorListToJugadorDTOList(PartidoMapperImpl.java:96) ~[classes!/:1.0]
	at com.gestion.jugadores.mapper.PartidoMapperImpl.equipoToEquipoDTO(PartidoMapperImpl.java:113) ~[classes!/:1.0]
	at com.gestion.jugadores.mapper.PartidoMapperImpl.jugadorToJugadorDTO(PartidoMapperImpl.java:84) ~[classes!/:1.0]
	at com.gestion.jugadores.mapper.PartidoMapperImpl.jugadorListToJugadorDTOList(PartidoMapperImpl.java:96) ~[classes!/:1.0]
	at com.gestion.jugadores.mapper.PartidoMapperImpl.equipoToEquipoDTO(PartidoMapperImpl.java:113) ~[classes!/:1.0]
	at com.gestion.jugadores.mapper.PartidoMapperImpl.jugadorToJugadorDTO(PartidoMapperImpl.java:84) ~[classes!/:1.0]
	at com.gestion.jugadores.mapper.PartidoMapperImpl.jugadorListToJugadorDTOList(PartidoMapperImpl.java:96) ~[classes!/:1.0]
	at com.gestion.jugadores.mapper.PartidoMapperImpl.equipoToEquipoDTO(PartidoMapperImpl.java:113) ~[classes!/:1.0]
	at com.gestion.jugadores.mapper.PartidoMapperImpl.jugadorToJugadorDTO(PartidoMapperImpl.java:84) ~[classes!/:1.0]
	at com.gestion.jugadores.mapper.PartidoMapperImpl.jugadorListToJugadorDTOList(PartidoMapperImpl.java:96) ~[classes!/:1.0]
	at com.gestion.jugadores.mapper.PartidoMapperImpl.equipoToEquipoDTO(PartidoMapperImpl.java:113) ~[classes!/:1.0]
	at com.gestion.jugadores.mapper.PartidoMapperImpl.jugadorToJugadorDTO(PartidoMapperImpl.java:84) ~[classes!/:1.0]
	at com.gestion.jugadores.mapper.PartidoMapperImpl.jugadorListToJugadorDTOList(PartidoMapperImpl.java:96) ~[classes!/:1.0]
	at com.gestion.jugadores.mapper.PartidoMapperImpl.equipoToEquipoDTO(PartidoMapperImpl.java:113) ~[classes!/:1.0]
	at com.gestion.jugadores.mapper.PartidoMapperImpl.jugadorToJugadorDTO(PartidoMapperImpl.java:84) ~[classes!/:1.0]
	at com.gestion.jugadores.mapper.PartidoMapperImpl.jugadorListToJugadorDTOList(PartidoMapperImpl.java:96) ~[classes!/:1.0]
	at com.gestion.jugadores.mapper.PartidoMapperImpl.equipoToEquipoDTO(PartidoMapperImpl.java:113) ~[classes!/:1.0]
	at com.gestion.jugadores.mapper.PartidoMapperImpl.jugadorToJugadorDTO(PartidoMapperImpl.java:84) ~[classes!/:1.0]
	at com.gestion.jugadores.mapper.PartidoMapperImpl.jugadorListToJugadorDTOList(PartidoMapperImpl.java:96) ~[classes!/:1.0]
	at com.gestion.jugadores.mapper.PartidoMapperImpl.equipoToEquipoDTO(PartidoMapperImpl.java:113) ~[classes!/:1.0]
	at com.gestion.jugadores.mapper.PartidoMapperImpl.jugadorToJugadorDTO(PartidoMapperImpl.java:84) ~[classes!/:1.0]
	at com.gestion.jugadores.mapper.PartidoMapperImpl.jugadorListToJugadorDTOList(PartidoMapperImpl.java:96) ~[classes!/:1.0]
	at com.gestion.jugadores.mapper.PartidoMapperImpl.equipoToEquipoDTO(PartidoMapperImpl.java:113) ~[classes!/:1.0]
	at com.gestion.jugadores.mapper.PartidoMapperImpl.jugadorToJugadorDTO(PartidoMapperImpl.java:84) ~[classes!/:1.0]
	at com.gestion.jugadores.mapper.PartidoMapperImpl.jugadorListToJugadorDTOList(PartidoMapperImpl.java:96) ~[classes!/:1.0]
	at com.gestion.jugadores.mapper.PartidoMapperImpl.equipoToEquipoDTO(PartidoMapperImpl.java:113) ~[classes!/:1.0]
	at com.gestion.jugadores.mapper.PartidoMapperImpl.jugadorToJugadorDTO(PartidoMapperImpl.java:84) ~[classes!/:1.0]
	at com.gestion.jugadores.mapper.PartidoMapperImpl.jugadorListToJugadorDTOList(PartidoMapperImpl.java:96) ~[classes!/:1.0]
	at com.gestion.jugadores.mapper.PartidoMapperImpl.equipoToEquipoDTO(PartidoMapperImpl.java:113) ~[classes!/:1.0]
	at com.gestion.jugadores.mapper.PartidoMapperImpl.jugadorToJugadorDTO(PartidoMapperImpl.java:84) ~[classes!/:1.0]
	at com.gestion.jugadores.mapper.PartidoMapperImpl.jugadorListToJugadorDTOList(PartidoMapperImpl.java:96) ~[classes!/:1.0]
	at com.gestion.jugadores.mapper.PartidoMapperImpl.equipoToEquipoDTO(PartidoMapperImpl.java:113) ~[classes!/:1.0]
	at com.gestion.jugadores.mapper.PartidoMapperImpl.jugadorToJugadorDTO(PartidoMapperImpl.java:84) ~[classes!/:1.0]
	at com.gestion.jugadores.mapper.PartidoMapperImpl.jugadorListToJugadorDTOList(PartidoMapperImpl.java:96) ~[classes!/:1.0]
	at com.gestion.jugadores.mapper.PartidoMapperImpl.equipoToEquipoDTO(PartidoMapperImpl.java:113) ~[classes!/:1.0]
	at com.gestion.jugadores.mapper.PartidoMapperImpl.jugadorToJugadorDTO(PartidoMapperImpl.java:84) ~[classes!/:1.0]
	at com.gestion.jugadores.mapper.PartidoMapperImpl.jugadorListToJugadorDTOList(PartidoMapperImpl.java:96) ~[classes!/:1.0]
	at com.gestion.jugadores.mapper.PartidoMapperImpl.equipoToEquipoDTO(PartidoMapperImpl.java:113) ~[classes!/:1.0]
	at com.gestion.jugadores.mapper.PartidoMapperImpl.jugadorToJugadorDTO(PartidoMapperImpl.java:84) ~[classes!/:1.0]
	at com.gestion.jugadores.mapper.PartidoMapperImpl.jugadorListToJugadorDTOList(PartidoMapperImpl.java:96) ~[classes!/:1.0]
	at com.gestion.jugadores.mapper.PartidoMapperImpl.equipoToEquipoDTO(PartidoMapperImpl.java:113) ~[classes!/:1.0]
	at com.gestion.jugadores.mapper.PartidoMapperImpl.jugadorToJugadorDTO(PartidoMapperImpl.java:84) ~[classes!/:1.0]
	at com.gestion.jugadores.mapper.PartidoMapperImpl.jugadorListToJugadorDTOList(PartidoMapperImpl.java:96) ~[classes!/:1.0]
	at com.gestion.jugadores.mapper.PartidoMapperImpl.equipoToEquipoDTO(PartidoMapperImpl.java:113) ~[classes!/:1.0]
	at com.gestion.jugadores.mapper.PartidoMapperImpl.jugadorToJugadorDTO(PartidoMapperImpl.java:84) ~[classes!/:1.0]
	at com.gestion.jugadores.mapper.PartidoMapperImpl.jugadorListToJugadorDTOList(PartidoMapperImpl.java:96) ~[classes!/:1.0]
	at com.gestion.jugadores.mapper.PartidoMapperImpl.equipoToEquipoDTO(PartidoMapperImpl.java:113) ~[classes!/:1.0]
	at com.gestion.jugadores.mapper.PartidoMapperImpl.jugadorToJugadorDTO(PartidoMapperImpl.java:84) ~[classes!/:1.0]
	at com.gestion.jugadores.mapper.PartidoMapperImpl.jugadorListToJugadorDTOList(PartidoMapperImpl.java:96) ~[classes!/:1.0]
	at com.gestion.jugadores.mapper.PartidoMapperImpl.equipoToEquipoDTO(PartidoMapperImpl.java:113) ~[classes!/:1.0]
	at com.gestion.jugadores.mapper.PartidoMapperImpl.jugadorToJugadorDTO(PartidoMapperImpl.java:84) ~[classes!/:1.0]
	at com.gestion.jugadores.mapper.PartidoMapperImpl.jugadorListToJugadorDTOList(PartidoMapperImpl.java:96) ~[classes!/:1.0]
	at com.gestion.jugadores.mapper.PartidoMapperImpl.equipoToEquipoDTO(PartidoMapperImpl.java:113) ~[classes!/:1.0]
	at com.gestion.jugadores.mapper.PartidoMapperImpl.jugadorToJugadorDTO(PartidoMapperImpl.java:84) ~[classes!/:1.0]
	at com.gestion.jugadores.mapper.PartidoMapperImpl.jugadorListToJugadorDTOList(PartidoMapperImpl.java:96) ~[classes!/:1.0]
	at com.gestion.jugadores.mapper.PartidoMapperImpl.equipoToEquipoDTO(PartidoMapperImpl.java:113) ~[classes!/:1.0]
	at com.gestion.jugadores.mapper.PartidoMapperImpl.jugadorToJugadorDTO(PartidoMapperImpl.java:84) ~[classes!/:1.0]
	at com.gestion.jugadores.mapper.PartidoMapperImpl.jugadorListToJugadorDTOList(PartidoMapperImpl.java:96) ~[classes!/:1.0]
	at com.gestion.jugadores.mapper.PartidoMapperImpl.equipoToEquipoDTO(PartidoMapperImpl.java:113) ~[classes!/:1.0]
	at com.gestion.jugadores.mapper.PartidoMapperImpl.jugadorToJugadorDTO(PartidoMapperImpl.java:84) ~[classes!/:1.0]
	at com.gestion.jugadores.mapper.PartidoMapperImpl.jugadorListToJugadorDTOList(PartidoMapperImpl.java:96) ~[classes!/:1.0]
	at com.gestion.jugadores.mapper.PartidoMapperImpl.equipoToEquipoDTO(PartidoMapperImpl.java:113) ~[classes!/:1.0]
	at com.gestion.jugadores.mapper.PartidoMapperImpl.jugadorToJugadorDTO(PartidoMapperImpl.java:84) ~[classes!/:1.0]
	at com.gestion.jugadores.mapper.PartidoMapperImpl.jugadorListToJugadorDTOList(PartidoMapperImpl.java:96) ~[classes!/:1.0]
	at com.gestion.jugadores.mapper.PartidoMapperImpl.equipoToEquipoDTO(PartidoMapperImpl.java:113) ~[classes!/:1.0]
	at com.gestion.jugadores.mapper.PartidoMapperImpl.jugadorToJugadorDTO(PartidoMapperImpl.java:84) ~[classes!/:1.0]
	at com.gestion.jugadores.mapper.PartidoMapperImpl.jugadorListToJugadorDTOList(PartidoMapperImpl.java:96) ~[classes!/:1.0]
	at com.gestion.jugadores.mapper.PartidoMapperImpl.equipoToEquipoDTO(PartidoMapperImpl.java:113) ~[classes!/:1.0]
	at com.gestion.jugadores.mapper.PartidoMapperImpl.jugadorToJugadorDTO(PartidoMapperImpl.java:84) ~[classes!/:1.0]
	at com.gestion.jugadores.mapper.PartidoMapperImpl.jugadorListToJugadorDTOList(PartidoMapperImpl.java:96) ~[classes!/:1.0]
	at com.gestion.jugadores.mapper.PartidoMapperImpl.equipoToEquipoDTO(PartidoMapperImpl.java:113) ~[classes!/:1.0]
	at com.gestion.jugadores.mapper.PartidoMapperImpl.jugadorToJugadorDTO(PartidoMapperImpl.java:84) ~[classes!/:1.0]
	at com.gestion.jugadores.mapper.PartidoMapperImpl.jugadorListToJugadorDTOList(PartidoMapperImpl.java:96) ~[classes!/:1.0]
	at com.gestion.jugadores.mapper.PartidoMapperImpl.equipoToEquipoDTO(PartidoMapperImpl.java:113) ~[classes!/:1.0]
	at com.gestion.jugadores.mapper.PartidoMapperImpl.jugadorToJugadorDTO(PartidoMapperImpl.java:84) ~[classes!/:1.0]
	at com.gestion.jugadores.mapper.PartidoMapperImpl.jugadorListToJugadorDTOList(PartidoMapperImpl.java:96) ~[classes!/:1.0]
	at com.gestion.jugadores.mapper.PartidoMapperImpl.equipoToEquipoDTO(PartidoMapperImpl.java:113) ~[classes!/:1.0]
	at com.gestion.jugadores.mapper.PartidoMapperImpl.jugadorToJugadorDTO(PartidoMapperImpl.java:84) ~[classes!/:1.0]
	at com.gestion.jugadores.mapper.PartidoMapperImpl.jugadorListToJugadorDTOList(PartidoMapperImpl.java:96) ~[classes!/:1.0]
	at com.gestion.jugadores.mapper.PartidoMapperImpl.equipoToEquipoDTO(PartidoMapperImpl.java:113) ~[classes!/:1.0]
	at com.gestion.jugadores.mapper.PartidoMapperImpl.jugadorToJugadorDTO(PartidoMapperImpl.java:84) ~[classes!/:1.0]
	at com.gestion.jugadores.mapper.PartidoMapperImpl.jugadorListToJugadorDTOList(PartidoMapperImpl.java:96) ~[classes!/:1.0]
	at com.gestion.jugadores.mapper.PartidoMapperImpl.equipoToEquipoDTO(PartidoMapperImpl.java:113) ~[classes!/:1.0]
	at com.gestion.jugadores.mapper.PartidoMapperImpl.jugadorToJugadorDTO(PartidoMapperImpl.java:84) ~[classes!/:1.0]
	at com.gestion.jugadores.mapper.PartidoMapperImpl.jugadorListToJugadorDTOList(PartidoMapperImpl.java:96) ~[classes!/:1.0]
	at com.gestion.jugadores.mapper.PartidoMapperImpl.equipoToEquipoDTO(PartidoMapperImpl.java:113) ~[classes!/:1.0]
	at com.gestion.jugadores.mapper.PartidoMapperImpl.jugadorToJugadorDTO(PartidoMapperImpl.java:84) ~[classes!/:1.0]
	at com.gestion.jugadores.mapper.PartidoMapperImpl.jugadorListToJugadorDTOList(PartidoMapperImpl.java:96) ~[classes!/:1.0]
	at com.gestion.jugadores.mapper.PartidoMapperImpl.equipoToEquipoDTO(PartidoMapperImpl.java:113) ~[classes!/:1.0]
	at com.gestion.jugadores.mapper.PartidoMapperImpl.jugadorToJugadorDTO(PartidoMapperImpl.java:84) ~[classes!/:1.0]
	at com.gestion.jugadores.mapper.PartidoMapperImpl.jugadorListToJugadorDTOList(PartidoMapperImpl.java:96) ~[classes!/:1.0]
	at com.gestion.jugadores.mapper.PartidoMapperImpl.equipoToEquipoDTO(PartidoMapperImpl.java:113) ~[classes!/:1.0]
	at com.gestion.jugadores.mapper.PartidoMapperImpl.jugadorToJugadorDTO(PartidoMapperImpl.java:84) ~[classes!/:1.0]
	at com.gestion.jugadores.mapper.PartidoMapperImpl.jugadorListToJugadorDTOList(PartidoMapperImpl.java:96) ~[classes!/:1.0]
	at com.gestion.jugadores.mapper.PartidoMapperImpl.equipoToEquipoDTO(PartidoMapperImpl.java:113) ~[classes!/:1.0]
	at com.gestion.jugadores.mapper.PartidoMapperImpl.jugadorToJugadorDTO(PartidoMapperImpl.java:84) ~[classes!/:1.0]
	at com.gestion.jugadores.mapper.PartidoMapperImpl.jugadorListToJugadorDTOList(PartidoMapperImpl.java:96) ~[classes!/:1.0]
	at com.gestion.jugadores.mapper.PartidoMapperImpl.equipoToEquipoDTO(PartidoMapperImpl.java:113) ~[classes!/:1.0]
	at com.gestion.jugadores.mapper.PartidoMapperImpl.jugadorToJugadorDTO(PartidoMapperImpl.java:84) ~[classes!/:1.0]
	at com.gestion.jugadores.mapper.PartidoMapperImpl.jugadorListToJugadorDTOList(PartidoMapperImpl.java:96) ~[classes!/:1.0]
	at com.gestion.jugadores.mapper.PartidoMapperImpl.equipoToEquipoDTO(PartidoMapperImpl.java:113) ~[classes!/:1.0]
	at com.gestion.jugadores.mapper.PartidoMapperImpl.jugadorToJugadorDTO(PartidoMapperImpl.java:84) ~[classes!/:1.0]
	at com.gestion.jugadores.mapper.PartidoMapperImpl.jugadorListToJugadorDTOList(PartidoMapperImpl.java:96) ~[classes!/:1.0]
	at com.gestion.jugadores.mapper.PartidoMapperImpl.equipoToEquipoDTO(PartidoMapperImpl.java:113) ~[classes!/:1.0]
	at com.gestion.jugadores.mapper.PartidoMapperImpl.jugadorToJugadorDTO(PartidoMapperImpl.java:84) ~[classes!/:1.0]
	at com.gestion.jugadores.mapper.PartidoMapperImpl.jugadorListToJugadorDTOList(PartidoMapperImpl.java:96) ~[classes!/:1.0]
	at com.gestion.jugadores.mapper.PartidoMapperImpl.equipoToEquipoDTO(PartidoMapperImpl.java:113) ~[classes!/:1.0]
	at com.gestion.jugadores.mapper.PartidoMapperImpl.jugadorToJugadorDTO(PartidoMapperImpl.java:84) ~[classes!/:1.0]
	at com.gestion.jugadores.mapper.PartidoMapperImpl.jugadorListToJugadorDTOList(PartidoMapperImpl.java:96) ~[classes!/:1.0]
	at com.gestion.jugadores.mapper.PartidoMapperImpl.equipoToEquipoDTO(PartidoMapperImpl.java:113) ~[classes!/:1.0]
	at com.gestion.jugadores.mapper.PartidoMapperImpl.jugadorToJugadorDTO(PartidoMapperImpl.java:84) ~[classes!/:1.0]
	at com.gestion.jugadores.mapper.PartidoMapperImpl.jugadorListToJugadorDTOList(PartidoMapperImpl.java:96) ~[classes!/:1.0]
	at com.gestion.jugadores.mapper.PartidoMapperImpl.equipoToEquipoDTO(PartidoMapperImpl.java:113) ~[classes!/:1.0]
	at com.gestion.jugadores.mapper.PartidoMapperImpl.jugadorToJugadorDTO(PartidoMapperImpl.java:84) ~[classes!/:1.0]
	at com.gestion.jugadores.mapper.PartidoMapperImpl.jugadorListToJugadorDTOList(PartidoMapperImpl.java:96) ~[classes!/:1.0]
	at com.gestion.jugadores.mapper.PartidoMapperImpl.equipoToEquipoDTO(PartidoMapperImpl.java:113) ~[classes!/:1.0]
	at com.gestion.jugadores.mapper.PartidoMapperImpl.jugadorToJugadorDTO(PartidoMapperImpl.java:84) ~[classes!/:1.0]
	at com.gestion.jugadores.mapper.PartidoMapperImpl.jugadorListToJugadorDTOList(PartidoMapperImpl.java:96) ~[classes!/:1.0]
	at com.gestion.jugadores.mapper.PartidoMapperImpl.equipoToEquipoDTO(PartidoMapperImpl.java:113) ~[classes!/:1.0]
	at com.gestion.jugadores.mapper.PartidoMapperImpl.jugadorToJugadorDTO(PartidoMapperImpl.java:84) ~[classes!/:1.0]
	at com.gestion.jugadores.mapper.PartidoMapperImpl.jugadorListToJugadorDTOList(PartidoMapperImpl.java:96) ~[classes!/:1.0]
	at com.gestion.jugadores.mapper.PartidoMapperImpl.equipoToEquipoDTO(PartidoMapperImpl.java:113) ~[classes!/:1.0]
	at com.gestion.jugadores.mapper.PartidoMapperImpl.jugadorToJugadorDTO(PartidoMapperImpl.java:84) ~[classes!/:1.0]
	at com.gestion.jugadores.mapper.PartidoMapperImpl.jugadorListToJugadorDTOList(PartidoMapperImpl.java:96) ~[classes!/:1.0]
	at com.gestion.jugadores.mapper.PartidoMapperImpl.equipoToEquipoDTO(PartidoMapperImpl.java:113) ~[classes!/:1.0]
	at com.gestion.jugadores.mapper.PartidoMapperImpl.jugadorToJugadorDTO(PartidoMapperImpl.java:84) ~[classes!/:1.0]
	at com.gestion.jugadores.mapper.PartidoMapperImpl.jugadorListToJugadorDTOList(PartidoMapperImpl.java:96) ~[classes!/:1.0]
	at com.gestion.jugadores.mapper.PartidoMapperImpl.equipoToEquipoDTO(PartidoMapperImpl.java:113) ~[classes!/:1.0]
	at com.gestion.jugadores.mapper.PartidoMapperImpl.jugadorToJugadorDTO(PartidoMapperImpl.java:84) ~[classes!/:1.0]
	at com.gestion.jugadores.mapper.PartidoMapperImpl.jugadorListToJugadorDTOList(PartidoMapperImpl.java:96) ~[classes!/:1.0]
	at com.gestion.jugadores.mapper.PartidoMapperImpl.equipoToEquipoDTO(PartidoMapperImpl.java:113) ~[classes!/:1.0]
	at com.gestion.jugadores.mapper.PartidoMapperImpl.jugadorToJugadorDTO(PartidoMapperImpl.java:84) ~[classes!/:1.0]
	at com.gestion.jugadores.mapper.PartidoMapperImpl.jugadorListToJugadorDTOList(PartidoMapperImpl.java:96) ~[classes!/:1.0]
	at com.gestion.jugadores.mapper.PartidoMapperImpl.equipoToEquipoDTO(PartidoMapperImpl.java:113) ~[classes!/:1.0]
	at com.gestion.jugadores.mapper.PartidoMapperImpl.jugadorToJugadorDTO(PartidoMapperImpl.java:84) ~[classes!/:1.0]
	at com.gestion.jugadores.mapper.PartidoMapperImpl.jugadorListToJugadorDTOList(PartidoMapperImpl.java:96) ~[classes!/:1.0]
	at com.gestion.jugadores.mapper.PartidoMapperImpl.equipoToEquipoDTO(PartidoMapperImpl.java:113) ~[classes!/:1.0]
	at com.gestion.jugadores.mapper.PartidoMapperImpl.jugadorToJugadorDTO(PartidoMapperImpl.java:84) ~[classes!/:1.0]
	at com.gestion.jugadores.mapper.PartidoMapperImpl.jugadorListToJugadorDTOList(PartidoMapperImpl.java:96) ~[classes!/:1.0]
	at com.gestion.jugadores.mapper.PartidoMapperImpl.equipoToEquipoDTO(PartidoMapperImpl.java:113) ~[classes!/:1.0]
	at com.gestion.jugadores.mapper.PartidoMapperImpl.jugadorToJugadorDTO(PartidoMapperImpl.java:84) ~[classes!/:1.0]
	at com.gestion.jugadores.mapper.PartidoMapperImpl.jugadorListToJugadorDTOList(PartidoMapperImpl.java:96) ~[classes!/:1.0]
	at com.gestion.jugadores.mapper.PartidoMapperImpl.equipoToEquipoDTO(PartidoMapperImpl.java:113) ~[classes!/:1.0]
	at com.gestion.jugadores.mapper.PartidoMapperImpl.jugadorToJugadorDTO(PartidoMapperImpl.java:84) ~[classes!/:1.0]
	at com.gestion.jugadores.mapper.PartidoMapperImpl.jugadorListToJugadorDTOList(PartidoMapperImpl.java:96) ~[classes!/:1.0]
	at com.gestion.jugadores.mapper.PartidoMapperImpl.equipoToEquipoDTO(PartidoMapperImpl.java:113) ~[classes!/:1.0]
	at com.gestion.jugadores.mapper.PartidoMapperImpl.jugadorToJugadorDTO(PartidoMapperImpl.java:84) ~[classes!/:1.0]
	at com.gestion.jugadores.mapper.PartidoMapperImpl.jugadorListToJugadorDTOList(PartidoMapperImpl.java:96) ~[classes!/:1.0]
	at com.gestion.jugadores.mapper.PartidoMapperImpl.equipoToEquipoDTO(PartidoMapperImpl.java:113) ~[classes!/:1.0]
	at com.gestion.jugadores.mapper.PartidoMapperImpl.jugadorToJugadorDTO(PartidoMapperImpl.java:84) ~[classes!/:1.0]
	at com.gestion.jugadores.mapper.PartidoMapperImpl.jugadorListToJugadorDTOList(PartidoMapperImpl.java:96) ~[classes!/:1.0]
	at com.gestion.jugadores.mapper.PartidoMapperImpl.equipoToEquipoDTO(PartidoMapperImpl.java:113) ~[classes!/:1.0]
	at com.gestion.jugadores.mapper.PartidoMapperImpl.jugadorToJugadorDTO(PartidoMapperImpl.java:84) ~[classes!/:1.0]
	at com.gestion.jugadores.mapper.PartidoMapperImpl.jugadorListToJugadorDTOList(PartidoMapperImpl.java:96) ~[classes!/:1.0]
	at com.gestion.jugadores.mapper.PartidoMapperImpl.equipoToEquipoDTO(PartidoMapperImpl.java:113) ~[classes!/:1.0]
	at com.gestion.jugadores.mapper.PartidoMapperImpl.jugadorToJugadorDTO(PartidoMapperImpl.java:84) ~[classes!/:1.0]
	at com.gestion.jugadores.mapper.PartidoMapperImpl.jugadorListToJugadorDTOList(PartidoMapperImpl.java:96) ~[classes!/:1.0]
	at com.gestion.jugadores.mapper.PartidoMapperImpl.equipoToEquipoDTO(PartidoMapperImpl.java:113) ~[classes!/:1.0]
	at com.gestion.jugadores.mapper.PartidoMapperImpl.jugadorToJugadorDTO(PartidoMapperImpl.java:84) ~[classes!/:1.0]
	at com.gestion.jugadores.mapper.PartidoMapperImpl.jugadorListToJugadorDTOList(PartidoMapperImpl.java:96) ~[classes!/:1.0]
	at com.gestion.jugadores.mapper.PartidoMapperImpl.equipoToEquipoDTO(PartidoMapperImpl.java:113) ~[classes!/:1.0]
	at com.gestion.jugadores.mapper.PartidoMapperImpl.jugadorToJugadorDTO(PartidoMapperImpl.java:84) ~[classes!/:1.0]
	at com.gestion.jugadores.mapper.PartidoMapperImpl.jugadorListToJugadorDTOList(PartidoMapperImpl.java:96) ~[classes!/:1.0]
	at com.gestion.jugadores.mapper.PartidoMapperImpl.equipoToEquipoDTO(PartidoMapperImpl.java:113) ~[classes!/:1.0]
	at com.gestion.jugadores.mapper.PartidoMapperImpl.jugadorToJugadorDTO(PartidoMapperImpl.java:84) ~[classes!/:1.0]
	at com.gestion.jugadores.mapper.PartidoMapperImpl.jugadorListToJugadorDTOList(PartidoMapperImpl.java:96) ~[classes!/:1.0]
	at com.gestion.jugadores.mapper.PartidoMapperImpl.equipoToEquipoDTO(PartidoMapperImpl.java:113) ~[classes!/:1.0]
	at com.gestion.jugadores.mapper.PartidoMapperImpl.jugadorToJugadorDTO(PartidoMapperImpl.java:84) ~[classes!/:1.0]
	at com.gestion.jugadores.mapper.PartidoMapperImpl.jugadorListToJugadorDTOList(PartidoMapperImpl.java:96) ~[classes!/:1.0]
	at com.gestion.jugadores.mapper.PartidoMapperImpl.equipoToEquipoDTO(PartidoMapperImpl.java:113) ~[classes!/:1.0]
	at com.gestion.jugadores.mapper.PartidoMapperImpl.jugadorToJugadorDTO(PartidoMapperImpl.java:84) ~[classes!/:1.0]
	at com.gestion.jugadores.mapper.PartidoMapperImpl.jugadorListToJugadorDTOList(PartidoMapperImpl.java:96) ~[classes!/:1.0]
	at com.gestion.jugadores.mapper.PartidoMapperImpl.equipoToEquipoDTO(PartidoMapperImpl.java:113) ~[classes!/:1.0]
	at com.gestion.jugadores.mapper.PartidoMapperImpl.jugadorToJugadorDTO(PartidoMapperImpl.java:84) ~[classes!/:1.0]
	at com.gestion.jugadores.mapper.PartidoMapperImpl.jugadorListToJugadorDTOList(PartidoMapperImpl.java:96) ~[classes!/:1.0]
	at com.gestion.jugadores.mapper.PartidoMapperImpl.equipoToEquipoDTO(PartidoMapperImpl.java:113) ~[classes!/:1.0]
	at com.gestion.jugadores.mapper.PartidoMapperImpl.jugadorToJugadorDTO(PartidoMapperImpl.java:84) ~[classes!/:1.0]
	at com.gestion.jugadores.mapper.PartidoMapperImpl.jugadorListToJugadorDTOList(PartidoMapperImpl.java:96) ~[classes!/:1.0]
	at com.gestion.jugadores.mapper.PartidoMapperImpl.equipoToEquipoDTO(PartidoMapperImpl.java:113) ~[classes!/:1.0]
	at com.gestion.jugadores.mapper.PartidoMapperImpl.jugadorToJugadorDTO(PartidoMapperImpl.java:84) ~[classes!/:1.0]
	at com.gestion.jugadores.mapper.PartidoMapperImpl.jugadorListToJugadorDTOList(PartidoMapperImpl.java:96) ~[classes!/:1.0]
	at com.gestion.jugadores.mapper.PartidoMapperImpl.equipoToEquipoDTO(PartidoMapperImpl.java:113) ~[classes!/:1.0]
	at com.gestion.jugadores.mapper.PartidoMapperImpl.jugadorToJugadorDTO(PartidoMapperImpl.java:84) ~[classes!/:1.0]
	at com.gestion.jugadores.mapper.PartidoMapperImpl.jugadorListToJugadorDTOList(PartidoMapperImpl.java:96) ~[classes!/:1.0]
	at com.gestion.jugadores.mapper.PartidoMapperImpl.equipoToEquipoDTO(PartidoMapperImpl.java:113) ~[classes!/:1.0]
	at com.gestion.jugadores.mapper.PartidoMapperImpl.jugadorToJugadorDTO(PartidoMapperImpl.java:84) ~[classes!/:1.0]
	at com.gestion.jugadores.mapper.PartidoMapperImpl.jugadorListToJugadorDTOList(PartidoMapperImpl.java:96) ~[classes!/:1.0]
	at com.gestion.jugadores.mapper.PartidoMapperImpl.equipoToEquipoDTO(PartidoMapperImpl.java:113) ~[classes!/:1.0]
	at com.gestion.jugadores.mapper.PartidoMapperImpl.jugadorToJugadorDTO(PartidoMapperImpl.java:84) ~[classes!/:1.0]
	at com.gestion.jugadores.mapper.PartidoMapperImpl.jugadorListToJugadorDTOList(PartidoMapperImpl.java:96) ~[classes!/:1.0]
	at com.gestion.jugadores.mapper.PartidoMapperImpl.equipoToEquipoDTO(PartidoMapperImpl.java:113) ~[classes!/:1.0]
	at com.gestion.jugadores.mapper.PartidoMapperImpl.jugadorToJugadorDTO(PartidoMapperImpl.java:84) ~[classes!/:1.0]
	at com.gestion.jugadores.mapper.PartidoMapperImpl.jugadorListToJugadorDTOList(PartidoMapperImpl.java:96) ~[classes!/:1.0]
	at com.gestion.jugadores.mapper.PartidoMapperImpl.equipoToEquipoDTO(PartidoMapperImpl.java:113) ~[classes!/:1.0]
	at com.gestion.jugadores.mapper.PartidoMapperImpl.jugadorToJugadorDTO(PartidoMapperImpl.java:84) ~[classes!/:1.0]
	at com.gestion.jugadores.mapper.PartidoMapperImpl.jugadorListToJugadorDTOList(PartidoMapperImpl.java:96) ~[classes!/:1.0]
	at com.gestion.jugadores.mapper.PartidoMapperImpl.equipoToEquipoDTO(PartidoMapperImpl.java:113) ~[classes!/:1.0]
	at com.gestion.jugadores.mapper.PartidoMapperImpl.jugadorToJugadorDTO(PartidoMapperImpl.java:84) ~[classes!/:1.0]
	at com.gestion.jugadores.mapper.PartidoMapperImpl.jugadorListToJugadorDTOList(PartidoMapperImpl.java:96) ~[classes!/:1.0]
	at com.gestion.jugadores.mapper.PartidoMapperImpl.equipoToEquipoDTO(PartidoMapperImpl.java:113) ~[classes!/:1.0]
	at com.gestion.jugadores.mapper.PartidoMapperImpl.jugadorToJugadorDTO(PartidoMapperImpl.java:84) ~[classes!/:1.0]
	at com.gestion.jugadores.mapper.PartidoMapperImpl.jugadorListToJugadorDTOList(PartidoMapperImpl.java:96) ~[classes!/:1.0]
	at com.gestion.jugadores.mapper.PartidoMapperImpl.equipoToEquipoDTO(PartidoMapperImpl.java:113) ~[classes!/:1.0]
	at com.gestion.jugadores.mapper.PartidoMapperImpl.jugadorToJugadorDTO(PartidoMapperImpl.java:84) ~[classes!/:1.0]
	at com.gestion.jugadores.mapper.PartidoMapperImpl.jugadorListToJugadorDTOList(PartidoMapperImpl.java:96) ~[classes!/:1.0]
	at com.gestion.jugadores.mapper.PartidoMapperImpl.equipoToEquipoDTO(PartidoMapperImpl.java:113) ~[classes!/:1.0]
	at com.gestion.jugadores.mapper.PartidoMapperImpl.jugadorToJugadorDTO(PartidoMapperImpl.java:84) ~[classes!/:1.0]
	at com.gestion.jugadores.mapper.PartidoMapperImpl.jugadorListToJugadorDTOList(PartidoMapperImpl.java:96) ~[classes!/:1.0]
	at com.gestion.jugadores.mapper.PartidoMapperImpl.equipoToEquipoDTO(PartidoMapperImpl.java:113) ~[classes!/:1.0]
	at com.gestion.jugadores.mapper.PartidoMapperImpl.jugadorToJugadorDTO(PartidoMapperImpl.java:84) ~[classes!/:1.0]
	at com.gestion.jugadores.mapper.PartidoMapperImpl.jugadorListToJugadorDTOList(PartidoMapperImpl.java:96) ~[classes!/:1.0]
	at com.gestion.jugadores.mapper.PartidoMapperImpl.equipoToEquipoDTO(PartidoMapperImpl.java:113) ~[classes!/:1.0]
	at com.gestion.jugadores.mapper.PartidoMapperImpl.jugadorToJugadorDTO(PartidoMapperImpl.java:84) ~[classes!/:1.0]
	at com.gestion.jugadores.mapper.PartidoMapperImpl.jugadorListToJugadorDTOList(PartidoMapperImpl.java:96) ~[classes!/:1.0]
	at com.gestion.jugadores.mapper.PartidoMapperImpl.equipoToEquipoDTO(PartidoMapperImpl.java:113) ~[classes!/:1.0]
	at com.gestion.jugadores.mapper.PartidoMapperImpl.jugadorToJugadorDTO(PartidoMapperImpl.java:84) ~[classes!/:1.0]
	at com.gestion.jugadores.mapper.PartidoMapperImpl.jugadorListToJugadorDTOList(PartidoMapperImpl.java:96) ~[classes!/:1.0]
	at com.gestion.jugadores.mapper.PartidoMapperImpl.equipoToEquipoDTO(PartidoMapperImpl.java:113) ~[classes!/:1.0]
	at com.gestion.jugadores.mapper.PartidoMapperImpl.jugadorToJugadorDTO(PartidoMapperImpl.java:84) ~[classes!/:1.0]
	at com.gestion.jugadores.mapper.PartidoMapperImpl.jugadorListToJugadorDTOList(PartidoMapperImpl.java:96) ~[classes!/:1.0]
	at com.gestion.jugadores.mapper.PartidoMapperImpl.equipoToEquipoDTO(PartidoMapperImpl.java:113) ~[classes!/:1.0]
	at com.gestion.jugadores.mapper.PartidoMapperImpl.jugadorToJugadorDTO(PartidoMapperImpl.java:84) ~[classes!/:1.0]
	at com.gestion.jugadores.mapper.PartidoMapperImpl.jugadorListToJugadorDTOList(PartidoMapperImpl.java:96) ~[classes!/:1.0]
	at com.gestion.jugadores.mapper.PartidoMapperImpl.equipoToEquipoDTO(PartidoMapperImpl.java:113) ~[classes!/:1.0]
	at com.gestion.jugadores.mapper.PartidoMapperImpl.jugadorToJugadorDTO(PartidoMapperImpl.java:84) ~[classes!/:1.0]
	at com.gestion.jugadores.mapper.PartidoMapperImpl.jugadorListToJugadorDTOList(PartidoMapperImpl.java:96) ~[classes!/:1.0]
	at com.gestion.jugadores.mapper.PartidoMapperImpl.equipoToEquipoDTO(PartidoMapperImpl.java:113) ~[classes!/:1.0]
	at com.gestion.jugadores.mapper.PartidoMapperImpl.jugadorToJugadorDTO(PartidoMapperImpl.java:84) ~[classes!/:1.0]
	at com.gestion.jugadores.mapper.PartidoMapperImpl.jugadorListToJugadorDTOList(PartidoMapperImpl.java:96) ~[classes!/:1.0]
	at com.gestion.jugadores.mapper.PartidoMapperImpl.equipoToEquipoDTO(PartidoMapperImpl.java:113) ~[classes!/:1.0]
	at com.gestion.jugadores.mapper.PartidoMapperImpl.jugadorToJugadorDTO(PartidoMapperImpl.java:84) ~[classes!/:1.0]
	at com.gestion.jugadores.mapper.PartidoMapperImpl.jugadorListToJugadorDTOList(PartidoMapperImpl.java:96) ~[classes!/:1.0]
	at com.gestion.jugadores.mapper.PartidoMapperImpl.equipoToEquipoDTO(PartidoMapperImpl.java:113) ~[classes!/:1.0]
	at com.gestion.jugadores.mapper.PartidoMapperImpl.jugadorToJugadorDTO(PartidoMapperImpl.java:84) ~[classes!/:1.0]
	at com.gestion.jugadores.mapper.PartidoMapperImpl.jugadorListToJugadorDTOList(PartidoMapperImpl.java:96) ~[classes!/:1.0]
	at com.gestion.jugadores.mapper.PartidoMapperImpl.equipoToEquipoDTO(PartidoMapperImpl.java:113) ~[classes!/:1.0]
	at com.gestion.jugadores.mapper.PartidoMapperImpl.jugadorToJugadorDTO(PartidoMapperImpl.java:84) ~[classes!/:1.0]
	at com.gestion.jugadores.mapper.PartidoMapperImpl.jugadorListToJugadorDTOList(PartidoMapperImpl.java:96) ~[classes!/:1.0]
	at com.gestion.jugadores.mapper.PartidoMapperImpl.equipoToEquipoDTO(PartidoMapperImpl.java:113) ~[classes!/:1.0]
	at com.gestion.jugadores.mapper.PartidoMapperImpl.jugadorToJugadorDTO(PartidoMapperImpl.java:84) ~[classes!/:1.0]
	at com.gestion.jugadores.mapper.PartidoMapperImpl.jugadorListToJugadorDTOList(PartidoMapperImpl.java:96) ~[classes!/:1.0]
	at com.gestion.jugadores.mapper.PartidoMapperImpl.equipoToEquipoDTO(PartidoMapperImpl.java:113) ~[classes!/:1.0]
	at com.gestion.jugadores.mapper.PartidoMapperImpl.jugadorToJugadorDTO(PartidoMapperImpl.java:84) ~[classes!/:1.0]
	at com.gestion.jugadores.mapper.PartidoMapperImpl.jugadorListToJugadorDTOList(PartidoMapperImpl.java:96) ~[classes!/:1.0]
	at com.gestion.jugadores.mapper.PartidoMapperImpl.equipoToEquipoDTO(PartidoMapperImpl.java:113) ~[classes!/:1.0]
	at com.gestion.jugadores.mapper.PartidoMapperImpl.jugadorToJugadorDTO(PartidoMapperImpl.java:84) ~[classes!/:1.0]
	at com.gestion.jugadores.mapper.PartidoMapperImpl.jugadorListToJugadorDTOList(PartidoMapperImpl.java:96) ~[classes!/:1.0]
	at com.gestion.jugadores.mapper.PartidoMapperImpl.equipoToEquipoDTO(PartidoMapperImpl.java:113) ~[classes!/:1.0]
	at com.gestion.jugadores.mapper.PartidoMapperImpl.jugadorToJugadorDTO(PartidoMapperImpl.java:84) ~[classes!/:1.0]
	at com.gestion.jugadores.mapper.PartidoMapperImpl.jugadorListToJugadorDTOList(PartidoMapperImpl.java:96) ~[classes!/:1.0]
	at com.gestion.jugadores.mapper.PartidoMapperImpl.equipoToEquipoDTO(PartidoMapperImpl.java:113) ~[classes!/:1.0]
	at com.gestion.jugadores.mapper.PartidoMapperImpl.jugadorToJugadorDTO(PartidoMapperImpl.java:84) ~[classes!/:1.0]
	at com.gestion.jugadores.mapper.PartidoMapperImpl.jugadorListToJugadorDTOList(PartidoMapperImpl.java:96) ~[classes!/:1.0]
	at com.gestion.jugadores.mapper.PartidoMapperImpl.equipoToEquipoDTO(PartidoMapperImpl.java:113) ~[classes!/:1.0]
	at com.gestion.jugadores.mapper.PartidoMapperImpl.jugadorToJugadorDTO(PartidoMapperImpl.java:84) ~[classes!/:1.0]
	at com.gestion.jugadores.mapper.PartidoMapperImpl.jugadorListToJugadorDTOList(PartidoMapperImpl.java:96) ~[classes!/:1.0]
	at com.gestion.jugadores.mapper.PartidoMapperImpl.equipoToEquipoDTO(PartidoMapperImpl.java:113) ~[classes!/:1.0]
	at com.gestion.jugadores.mapper.PartidoMapperImpl.jugadorToJugadorDTO(PartidoMapperImpl.java:84) ~[classes!/:1.0]
	at com.gestion.jugadores.mapper.PartidoMapperImpl.jugadorListToJugadorDTOList(PartidoMapperImpl.java:96) ~[classes!/:1.0]
	at com.gestion.jugadores.mapper.PartidoMapperImpl.equipoToEquipoDTO(PartidoMapperImpl.java:113) ~[classes!/:1.0]
	at com.gestion.jugadores.mapper.PartidoMapperImpl.jugadorToJugadorDTO(PartidoMapperImpl.java:84) ~[classes!/:1.0]
	at com.gestion.jugadores.mapper.PartidoMapperImpl.jugadorListToJugadorDTOList(PartidoMapperImpl.java:96) ~[classes!/:1.0]
	at com.gestion.jugadores.mapper.PartidoMapperImpl.equipoToEquipoDTO(PartidoMapperImpl.java:113) ~[classes!/:1.0]
	at com.gestion.jugadores.mapper.PartidoMapperImpl.jugadorToJugadorDTO(PartidoMapperImpl.java:84) ~[classes!/:1.0]
	at com.gestion.jugadores.mapper.PartidoMapperImpl.jugadorListToJugadorDTOList(PartidoMapperImpl.java:96) ~[classes!/:1.0]
	at com.gestion.jugadores.mapper.PartidoMapperImpl.equipoToEquipoDTO(PartidoMapperImpl.java:113) ~[classes!/:1.0]
	at com.gestion.jugadores.mapper.PartidoMapperImpl.jugadorToJugadorDTO(PartidoMapperImpl.java:84) ~[classes!/:1.0]
	at com.gestion.jugadores.mapper.PartidoMapperImpl.jugadorListToJugadorDTOList(PartidoMapperImpl.java:96) ~[classes!/:1.0]
	at com.gestion.jugadores.mapper.PartidoMapperImpl.equipoToEquipoDTO(PartidoMapperImpl.java:113) ~[classes!/:1.0]
	at com.gestion.jugadores.mapper.PartidoMapperImpl.jugadorToJugadorDTO(PartidoMapperImpl.java:84) ~[classes!/:1.0]
	at com.gestion.jugadores.mapper.PartidoMapperImpl.jugadorListToJugadorDTOList(PartidoMapperImpl.java:96) ~[classes!/:1.0]
	at com.gestion.jugadores.mapper.PartidoMapperImpl.equipoToEquipoDTO(PartidoMapperImpl.java:113) ~[classes!/:1.0]
	at com.gestion.jugadores.mapper.PartidoMapperImpl.jugadorToJugadorDTO(PartidoMapperImpl.java:84) ~[classes!/:1.0]
	at com.gestion.jugadores.mapper.PartidoMapperImpl.jugadorListToJugadorDTOList(PartidoMapperImpl.java:96) ~[classes!/:1.0]
	at com.gestion.jugadores.mapper.PartidoMapperImpl.equipoToEquipoDTO(PartidoMapperImpl.java:113) ~[classes!/:1.0]
	at com.gestion.jugadores.mapper.PartidoMapperImpl.jugadorToJugadorDTO(PartidoMapperImpl.java:84) ~[classes!/:1.0]
	at com.gestion.jugadores.mapper.PartidoMapperImpl.jugadorListToJugadorDTOList(PartidoMapperImpl.java:96) ~[classes!/:1.0]
	at com.gestion.jugadores.mapper.PartidoMapperImpl.equipoToEquipoDTO(PartidoMapperImpl.java:113) ~[classes!/:1.0]
	at com.gestion.jugadores.mapper.PartidoMapperImpl.jugadorToJugadorDTO(PartidoMapperImpl.java:84) ~[classes!/:1.0]
	at com.gestion.jugadores.mapper.PartidoMapperImpl.jugadorListToJugadorDTOList(PartidoMapperImpl.java:96) ~[classes!/:1.0]
	at com.gestion.jugadores.mapper.PartidoMapperImpl.equipoToEquipoDTO(PartidoMapperImpl.java:113) ~[classes!/:1.0]
	at com.gestion.jugadores.mapper.PartidoMapperImpl.jugadorToJugadorDTO(PartidoMapperImpl.java:84) ~[classes!/:1.0]
	at com.gestion.jugadores.mapper.PartidoMapperImpl.jugadorListToJugadorDTOList(PartidoMapperImpl.java:96) ~[classes!/:1.0]
	at com.gestion.jugadores.mapper.PartidoMapperImpl.equipoToEquipoDTO(PartidoMapperImpl.java:113) ~[classes!/:1.0]
	at com.gestion.jugadores.mapper.PartidoMapperImpl.jugadorToJugadorDTO(PartidoMapperImpl.java:84) ~[classes!/:1.0]
	at com.gestion.jugadores.mapper.PartidoMapperImpl.jugadorListToJugadorDTOList(PartidoMapperImpl.java:96) ~[classes!/:1.0]
	at com.gestion.jugadores.mapper.PartidoMapperImpl.equipoToEquipoDTO(PartidoMapperImpl.java:113) ~[classes!/:1.0]
	at com.gestion.jugadores.mapper.PartidoMapperImpl.jugadorToJugadorDTO(PartidoMapperImpl.java:84) ~[classes!/:1.0]
	at com.gestion.jugadores.mapper.PartidoMapperImpl.jugadorListToJugadorDTOList(PartidoMapperImpl.java:96) ~[classes!/:1.0]
	at com.gestion.jugadores.mapper.PartidoMapperImpl.equipoToEquipoDTO(PartidoMapperImpl.java:113) ~[classes!/:1.0]
	at com.gestion.jugadores.mapper.PartidoMapperImpl.jugadorToJugadorDTO(PartidoMapperImpl.java:84) ~[classes!/:1.0]
	at com.gestion.jugadores.mapper.PartidoMapperImpl.jugadorListToJugadorDTOList(PartidoMapperImpl.java:96) ~[classes!/:1.0]
	at com.gestion.jugadores.mapper.PartidoMapperImpl.equipoToEquipoDTO(PartidoMapperImpl.java:113) ~[classes!/:1.0]
	at com.gestion.jugadores.mapper.PartidoMapperImpl.jugadorToJugadorDTO(PartidoMapperImpl.java:84) ~[classes!/:1.0]
	at com.gestion.jugadores.mapper.PartidoMapperImpl.jugadorListToJugadorDTOList(PartidoMapperImpl.java:96) ~[classes!/:1.0]
	at com.gestion.jugadores.mapper.PartidoMapperImpl.equipoToEquipoDTO(PartidoMapperImpl.java:113) ~[classes!/:1.0]
	at com.gestion.jugadores.mapper.PartidoMapperImpl.jugadorToJugadorDTO(PartidoMapperImpl.java:84) ~[classes!/:1.0]
	at com.gestion.jugadores.mapper.PartidoMapperImpl.jugadorListToJugadorDTOList(PartidoMapperImpl.java:96) ~[classes!/:1.0]
	at com.gestion.jugadores.mapper.PartidoMapperImpl.equipoToEquipoDTO(PartidoMapperImpl.java:113) ~[classes!/:1.0]
	at com.gestion.jugadores.mapper.PartidoMapperImpl.jugadorToJugadorDTO(PartidoMapperImpl.java:84) ~[classes!/:1.0]
	at com.gestion.jugadores.mapper.PartidoMapperImpl.jugadorListToJugadorDTOList(PartidoMapperImpl.java:96) ~[classes!/:1.0]
	at com.gestion.jugadores.mapper.PartidoMapperImpl.equipoToEquipoDTO(PartidoMapperImpl.java:113) ~[classes!/:1.0]
	at com.gestion.jugadores.mapper.PartidoMapperImpl.jugadorToJugadorDTO(PartidoMapperImpl.java:84) ~[classes!/:1.0]
	at com.gestion.jugadores.mapper.PartidoMapperImpl.jugadorListToJugadorDTOList(PartidoMapperImpl.java:96) ~[classes!/:1.0]
	at com.gestion.jugadores.mapper.PartidoMapperImpl.equipoToEquipoDTO(PartidoMapperImpl.java:113) ~[classes!/:1.0]
	at com.gestion.jugadores.mapper.PartidoMapperImpl.jugadorToJugadorDTO(PartidoMapperImpl.java:84) ~[classes!/:1.0]
	at com.gestion.jugadores.mapper.PartidoMapperImpl.jugadorListToJugadorDTOList(PartidoMapperImpl.java:96) ~[classes!/:1.0]
	at com.gestion.jugadores.mapper.PartidoMapperImpl.equipoToEquipoDTO(PartidoMapperImpl.java:113) ~[classes!/:1.0]
	at com.gestion.jugadores.mapper.PartidoMapperImpl.jugadorToJugadorDTO(PartidoMapperImpl.java:84) ~[classes!/:1.0]
	at com.gestion.jugadores.mapper.PartidoMapperImpl.jugadorListToJugadorDTOList(PartidoMapperImpl.java:96) ~[classes!/:1.0]
	at com.gestion.jugadores.mapper.PartidoMapperImpl.equipoToEquipoDTO(PartidoMapperImpl.java:113) ~[classes!/:1.0]
	at com.gestion.jugadores.mapper.PartidoMapperImpl.jugadorToJugadorDTO(PartidoMapperImpl.java:84) ~[classes!/:1.0]
	at com.gestion.jugadores.mapper.PartidoMapperImpl.jugadorListToJugadorDTOList(PartidoMapperImpl.java:96) ~[classes!/:1.0]
	at com.gestion.jugadores.mapper.PartidoMapperImpl.equipoToEquipoDTO(PartidoMapperImpl.java:113) ~[classes!/:1.0]
	at com.gestion.jugadores.mapper.PartidoMapperImpl.jugadorToJugadorDTO(PartidoMapperImpl.java:84) ~[classes!/:1.0]
	at com.gestion.jugadores.mapper.PartidoMapperImpl.jugadorListToJugadorDTOList(PartidoMapperImpl.java:96) ~[classes!/:1.0]
	at com.gestion.jugadores.mapper.PartidoMapperImpl.equipoToEquipoDTO(PartidoMapperImpl.java:113) ~[classes!/:1.0]
	at com.gestion.jugadores.mapper.PartidoMapperImpl.jugadorToJugadorDTO(PartidoMapperImpl.java:84) ~[classes!/:1.0]
	at com.gestion.jugadores.mapper.PartidoMapperImpl.jugadorListToJugadorDTOList(PartidoMapperImpl.java:96) ~[classes!/:1.0]
	at com.gestion.jugadores.mapper.PartidoMapperImpl.equipoToEquipoDTO(PartidoMapperImpl.java:113) ~[classes!/:1.0]
	at com.gestion.jugadores.mapper.PartidoMapperImpl.jugadorToJugadorDTO(PartidoMapperImpl.java:84) ~[classes!/:1.0]
	at com.gestion.jugadores.mapper.PartidoMapperImpl.jugadorListToJugadorDTOList(PartidoMapperImpl.java:96) ~[classes!/:1.0]
	at com.gestion.jugadores.mapper.PartidoMapperImpl.equipoToEquipoDTO(PartidoMapperImpl.java:113) ~[classes!/:1.0]
	at com.gestion.jugadores.mapper.PartidoMapperImpl.jugadorToJugadorDTO(PartidoMapperImpl.java:84) ~[classes!/:1.0]
	at com.gestion.jugadores.mapper.PartidoMapperImpl.jugadorListToJugadorDTOList(PartidoMapperImpl.java:96) ~[classes!/:1.0]
	at com.gestion.jugadores.mapper.PartidoMapperImpl.equipoToEquipoDTO(PartidoMapperImpl.java:113) ~[classes!/:1.0]
	at com.gestion.jugadores.mapper.PartidoMapperImpl.jugadorToJugadorDTO(PartidoMapperImpl.java:84) ~[classes!/:1.0]
	at com.gestion.jugadores.mapper.PartidoMapperImpl.jugadorListToJugadorDTOList(PartidoMapperImpl.java:96) ~[classes!/:1.0]
	at com.gestion.jugadores.mapper.PartidoMapperImpl.equipoToEquipoDTO(PartidoMapperImpl.java:113) ~[classes!/:1.0]
	at com.gestion.jugadores.mapper.PartidoMapperImpl.jugadorToJugadorDTO(PartidoMapperImpl.java:84) ~[classes!/:1.0]
	at com.gestion.jugadores.mapper.PartidoMapperImpl.jugadorListToJugadorDTOList(PartidoMapperImpl.java:96) ~[classes!/:1.0]
	at com.gestion.jugadores.mapper.PartidoMapperImpl.equipoToEquipoDTO(PartidoMapperImpl.java:113) ~[classes!/:1.0]
	at com.gestion.jugadores.mapper.PartidoMapperImpl.jugadorToJugadorDTO(PartidoMapperImpl.java:84) ~[classes!/:1.0]
	at com.gestion.jugadores.mapper.PartidoMapperImpl.jugadorListToJugadorDTOList(PartidoMapperImpl.java:96) ~[classes!/:1.0]
	at com.gestion.jugadores.mapper.PartidoMapperImpl.equipoToEquipoDTO(PartidoMapperImpl.java:113) ~[classes!/:1.0]
	at com.gestion.jugadores.mapper.PartidoMapperImpl.jugadorToJugadorDTO(PartidoMapperImpl.java:84) ~[classes!/:1.0]
	at com.gestion.jugadores.mapper.PartidoMapperImpl.jugadorListToJugadorDTOList(PartidoMapperImpl.java:96) ~[classes!/:1.0]
	at com.gestion.jugadores.mapper.PartidoMapperImpl.equipoToEquipoDTO(PartidoMapperImpl.java:113) ~[classes!/:1.0]
	at com.gestion.jugadores.mapper.PartidoMapperImpl.jugadorToJugadorDTO(PartidoMapperImpl.java:84) ~[classes!/:1.0]
	at com.gestion.jugadores.mapper.PartidoMapperImpl.jugadorListToJugadorDTOList(PartidoMapperImpl.java:96) ~[classes!/:1.0]
	at com.gestion.jugadores.mapper.PartidoMapperImpl.equipoToEquipoDTO(PartidoMapperImpl.java:113) ~[classes!/:1.0]
	at com.gestion.jugadores.mapper.PartidoMapperImpl.jugadorToJugadorDTO(PartidoMapperImpl.java:84) ~[classes!/:1.0]
	at com.gestion.jugadores.mapper.PartidoMapperImpl.jugadorListToJugadorDTOList(PartidoMapperImpl.java:96) ~[classes!/:1.0]
	at com.gestion.jugadores.mapper.PartidoMapperImpl.equipoToEquipoDTO(PartidoMapperImpl.java:113) ~[classes!/:1.0]
	at com.gestion.jugadores.mapper.PartidoMapperImpl.jugadorToJugadorDTO(PartidoMapperImpl.java:84) ~[classes!/:1.0]
	at com.gestion.jugadores.mapper.PartidoMapperImpl.jugadorListToJugadorDTOList(PartidoMapperImpl.java:96) ~[classes!/:1.0]
	at com.gestion.jugadores.mapper.PartidoMapperImpl.equipoToEquipoDTO(PartidoMapperImpl.java:113) ~[classes!/:1.0]
	at com.gestion.jugadores.mapper.PartidoMapperImpl.jugadorToJugadorDTO(PartidoMapperImpl.java:84) ~[classes!/:1.0]
	at com.gestion.jugadores.mapper.PartidoMapperImpl.jugadorListToJugadorDTOList(PartidoMapperImpl.java:96) ~[classes!/:1.0]
	at com.gestion.jugadores.mapper.PartidoMapperImpl.equipoToEquipoDTO(PartidoMapperImpl.java:113) ~[classes!/:1.0]
	at com.gestion.jugadores.mapper.PartidoMapperImpl.jugadorToJugadorDTO(PartidoMapperImpl.java:84) ~[classes!/:1.0]
	at com.gestion.jugadores.mapper.PartidoMapperImpl.jugadorListToJugadorDTOList(PartidoMapperImpl.java:96) ~[classes!/:1.0]
	at com.gestion.jugadores.mapper.PartidoMapperImpl.equipoToEquipoDTO(PartidoMapperImpl.java:113) ~[classes!/:1.0]
	at com.gestion.jugadores.mapper.PartidoMapperImpl.jugadorToJugadorDTO(PartidoMapperImpl.java:84) ~[classes!/:1.0]
	at com.gestion.jugadores.mapper.PartidoMapperImpl.jugadorListToJugadorDTOList(PartidoMapperImpl.java:96) ~[classes!/:1.0]
	at com.gestion.jugadores.mapper.PartidoMapperImpl.equipoToEquipoDTO(PartidoMapperImpl.java:113) ~[classes!/:1.0]
	at com.gestion.jugadores.mapper.PartidoMapperImpl.jugadorToJugadorDTO(PartidoMapperImpl.java:84) ~[classes!/:1.0]
	at com.gestion.jugadores.mapper.PartidoMapperImpl.jugadorListToJugadorDTOList(PartidoMapperImpl.java:96) ~[classes!/:1.0]
	at com.gestion.jugadores.mapper.PartidoMapperImpl.equipoToEquipoDTO(PartidoMapperImpl.java:113) ~[classes!/:1.0]
	at com.gestion.jugadores.mapper.PartidoMapperImpl.jugadorToJugadorDTO(PartidoMapperImpl.java:84) ~[classes!/:1.0]
	at com.gestion.jugadores.mapper.PartidoMapperImpl.jugadorListToJugadorDTOList(PartidoMapperImpl.java:96) ~[classes!/:1.0]
	at com.gestion.jugadores.mapper.PartidoMapperImpl.equipoToEquipoDTO(PartidoMapperImpl.java:113) ~[classes!/:1.0]
	at com.gestion.jugadores.mapper.PartidoMapperImpl.jugadorToJugadorDTO(PartidoMapperImpl.java:84) ~[classes!/:1.0]
	at com.gestion.jugadores.mapper.PartidoMapperImpl.jugadorListToJugadorDTOList(PartidoMapperImpl.java:96) ~[classes!/:1.0]
	at com.gestion.jugadores.mapper.PartidoMapperImpl.equipoToEquipoDTO(PartidoMapperImpl.java:113) ~[classes!/:1.0]
	at com.gestion.jugadores.mapper.PartidoMapperImpl.jugadorToJugadorDTO(PartidoMapperImpl.java:84) ~[classes!/:1.0]
	at com.gestion.jugadores.mapper.PartidoMapperImpl.jugadorListToJugadorDTOList(PartidoMapperImpl.java:96) ~[classes!/:1.0]
	at com.gestion.jugadores.mapper.PartidoMapperImpl.equipoToEquipoDTO(PartidoMapperImpl.java:113) ~[classes!/:1.0]
	at com.gestion.jugadores.mapper.PartidoMapperImpl.jugadorToJugadorDTO(PartidoMapperImpl.java:84) ~[classes!/:1.0]
	at com.gestion.jugadores.mapper.PartidoMapperImpl.jugadorListToJugadorDTOList(PartidoMapperImpl.java:96) ~[classes!/:1.0]
	at com.gestion.jugadores.mapper.PartidoMapperImpl.equipoToEquipoDTO(PartidoMapperImpl.java:113) ~[classes!/:1.0]
	at com.gestion.jugadores.mapper.PartidoMapperImpl.jugadorToJugadorDTO(PartidoMapperImpl.java:84) ~[classes!/:1.0]
	at com.gestion.jugadores.mapper.PartidoMapperImpl.jugadorListToJugadorDTOList(PartidoMapperImpl.java:96) ~[classes!/:1.0]
	at com.gestion.jugadores.mapper.PartidoMapperImpl.equipoToEquipoDTO(PartidoMapperImpl.java:113) ~[classes!/:1.0]
	at com.gestion.jugadores.mapper.PartidoMapperImpl.jugadorToJugadorDTO(PartidoMapperImpl.java:84) ~[classes!/:1.0]
	at com.gestion.jugadores.mapper.PartidoMapperImpl.jugadorListToJugadorDTOList(PartidoMapperImpl.java:96) ~[classes!/:1.0]
	at com.gestion.jugadores.mapper.PartidoMapperImpl.equipoToEquipoDTO(PartidoMapperImpl.java:113) ~[classes!/:1.0]
	at com.gestion.jugadores.mapper.PartidoMapperImpl.jugadorToJugadorDTO(PartidoMapperImpl.java:84) ~[classes!/:1.0]
	at com.gestion.jugadores.mapper.PartidoMapperImpl.jugadorListToJugadorDTOList(PartidoMapperImpl.java:96) ~[classes!/:1.0]
	at com.gestion.jugadores.mapper.PartidoMapperImpl.equipoToEquipoDTO(PartidoMapperImpl.java:113) ~[classes!/:1.0]
	at com.gestion.jugadores.mapper.PartidoMapperImpl.jugadorToJugadorDTO(PartidoMapperImpl.java:84) ~[classes!/:1.0]
	at com.gestion.jugadores.mapper.PartidoMapperImpl.jugadorListToJugadorDTOList(PartidoMapperImpl.java:96) ~[classes!/:1.0]
	at com.gestion.jugadores.mapper.PartidoMapperImpl.equipoToEquipoDTO(PartidoMapperImpl.java:113) ~[classes!/:1.0]
	at com.gestion.jugadores.mapper.PartidoMapperImpl.jugadorToJugadorDTO(PartidoMapperImpl.java:84) ~[classes!/:1.0]
	at com.gestion.jugadores.mapper.PartidoMapperImpl.jugadorListToJugadorDTOList(PartidoMapperImpl.java:96) ~[classes!/:1.0]
	at com.gestion.jugadores.mapper.PartidoMapperImpl.equipoToEquipoDTO(PartidoMapperImpl.java:113) ~[classes!/:1.0]
	at com.gestion.jugadores.mapper.PartidoMapperImpl.jugadorToJugadorDTO(PartidoMapperImpl.java:84) ~[classes!/:1.0]
	at com.gestion.jugadores.mapper.PartidoMapperImpl.jugadorListToJugadorDTOList(PartidoMapperImpl.java:96) ~[classes!/:1.0]
	at com.gestion.jugadores.mapper.PartidoMapperImpl.equipoToEquipoDTO(PartidoMapperImpl.java:113) ~[classes!/:1.0]
	at com.gestion.jugadores.mapper.PartidoMapperImpl.jugadorToJugadorDTO(PartidoMapperImpl.java:84) ~[classes!/:1.0]
	at com.gestion.jugadores.mapper.PartidoMapperImpl.jugadorListToJugadorDTOList(PartidoMapperImpl.java:96) ~[classes!/:1.0]
	at com.gestion.jugadores.mapper.PartidoMapperImpl.equipoToEquipoDTO(PartidoMapperImpl.java:113) ~[classes!/:1.0]
	at com.gestion.jugadores.mapper.PartidoMapperImpl.jugadorToJugadorDTO(PartidoMapperImpl.java:84) ~[classes!/:1.0]
	at com.gestion.jugadores.mapper.PartidoMapperImpl.jugadorListToJugadorDTOList(PartidoMapperImpl.java:96) ~[classes!/:1.0]
	at com.gestion.jugadores.mapper.PartidoMapperImpl.equipoToEquipoDTO(PartidoMapperImpl.java:113) ~[classes!/:1.0]
	at com.gestion.jugadores.mapper.PartidoMapperImpl.jugadorToJugadorDTO(PartidoMapperImpl.java:84) ~[classes!/:1.0]
	at com.gestion.jugadores.mapper.PartidoMapperImpl.jugadorListToJugadorDTOList(PartidoMapperImpl.java:96) ~[classes!/:1.0]
	at com.gestion.jugadores.mapper.PartidoMapperImpl.equipoToEquipoDTO(PartidoMapperImpl.java:113) ~[classes!/:1.0]
	at com.gestion.jugadores.mapper.PartidoMapperImpl.jugadorToJugadorDTO(PartidoMapperImpl.java:84) ~[classes!/:1.0]
	at com.gestion.jugadores.mapper.PartidoMapperImpl.jugadorListToJugadorDTOList(PartidoMapperImpl.java:96) ~[classes!/:1.0]
	at com.gestion.jugadores.mapper.PartidoMapperImpl.equipoToEquipoDTO(PartidoMapperImpl.java:113) ~[classes!/:1.0]
	at com.gestion.jugadores.mapper.PartidoMapperImpl.jugadorToJugadorDTO(PartidoMapperImpl.java:84) ~[classes!/:1.0]
	at com.gestion.jugadores.mapper.PartidoMapperImpl.jugadorListToJugadorDTOList(PartidoMapperImpl.java:96) ~[classes!/:1.0]
	at com.gestion.jugadores.mapper.PartidoMapperImpl.equipoToEquipoDTO(PartidoMapperImpl.java:113) ~[classes!/:1.0]
	at com.gestion.jugadores.mapper.PartidoMapperImpl.jugadorToJugadorDTO(PartidoMapperImpl.java:84) ~[classes!/:1.0]
	at com.gestion.jugadores.mapper.PartidoMapperImpl.jugadorListToJugadorDTOList(PartidoMapperImpl.java:96) ~[classes!/:1.0]
	at com.gestion.jugadores.mapper.PartidoMapperImpl.equipoToEquipoDTO(PartidoMapperImpl.java:113) ~[classes!/:1.0]
	at com.gestion.jugadores.mapper.PartidoMapperImpl.jugadorToJugadorDTO(PartidoMapperImpl.java:84) ~[classes!/:1.0]
	at com.gestion.jugadores.mapper.PartidoMapperImpl.jugadorListToJugadorDTOList(PartidoMapperImpl.java:96) ~[classes!/:1.0]
	at com.gestion.jugadores.mapper.PartidoMapperImpl.equipoToEquipoDTO(PartidoMapperImpl.java:113) ~[classes!/:1.0]
	at com.gestion.jugadores.mapper.PartidoMapperImpl.jugadorToJugadorDTO(PartidoMapperImpl.java:84) ~[classes!/:1.0]
	at com.gestion.jugadores.mapper.PartidoMapperImpl.jugadorListToJugadorDTOList(PartidoMapperImpl.java:96) ~[classes!/:1.0]
	at com.gestion.jugadores.mapper.PartidoMapperImpl.equipoToEquipoDTO(PartidoMapperImpl.java:113) ~[classes!/:1.0]
	at com.gestion.jugadores.mapper.PartidoMapperImpl.jugadorToJugadorDTO(PartidoMapperImpl.java:84) ~[classes!/:1.0]
	at com.gestion.jugadores.mapper.PartidoMapperImpl.jugadorListToJugadorDTOList(PartidoMapperImpl.java:96) ~[classes!/:1.0]
	at com.gestion.jugadores.mapper.PartidoMapperImpl.equipoToEquipoDTO(PartidoMapperImpl.java:113) ~[classes!/:1.0]
	at com.gestion.jugadores.mapper.PartidoMapperImpl.jugadorToJugadorDTO(PartidoMapperImpl.java:84) ~[classes!/:1.0]
	at com.gestion.jugadores.mapper.PartidoMapperImpl.jugadorListToJugadorDTOList(PartidoMapperImpl.java:96) ~[classes!/:1.0]
	at com.gestion.jugadores.mapper.PartidoMapperImpl.equipoToEquipoDTO(PartidoMapperImpl.java:113) ~[classes!/:1.0]
	at com.gestion.jugadores.mapper.PartidoMapperImpl.jugadorToJugadorDTO(PartidoMapperImpl.java:84) ~[classes!/:1.0]
	at com.gestion.jugadores.mapper.PartidoMapperImpl.jugadorListToJugadorDTOList(PartidoMapperImpl.java:96) ~[classes!/:1.0]
	at com.gestion.jugadores.mapper.PartidoMapperImpl.equipoToEquipoDTO(PartidoMapperImpl.java:113) ~[classes!/:1.0]
	at com.gestion.jugadores.mapper.PartidoMapperImpl.jugadorToJugadorDTO(PartidoMapperImpl.java:84) ~[classes!/:1.0]
	at com.gestion.jugadores.mapper.PartidoMapperImpl.jugadorListToJugadorDTOList(PartidoMapperImpl.java:96) ~[classes!/:1.0]
	at com.gestion.jugadores.mapper.PartidoMapperImpl.equipoToEquipoDTO(PartidoMapperImpl.java:113) ~[classes!/:1.0]
	at com.gestion.jugadores.mapper.PartidoMapperImpl.jugadorToJugadorDTO(PartidoMapperImpl.java:84) ~[classes!/:1.0]
	at com.gestion.jugadores.mapper.PartidoMapperImpl.jugadorListToJugadorDTOList(PartidoMapperImpl.java:96) ~[classes!/:1.0]
	at com.gestion.jugadores.mapper.PartidoMapperImpl.equipoToEquipoDTO(PartidoMapperImpl.java:113) ~[classes!/:1.0]
	at com.gestion.jugadores.mapper.PartidoMapperImpl.jugadorToJugadorDTO(PartidoMapperImpl.java:84) ~[classes!/:1.0]
	at com.gestion.jugadores.mapper.PartidoMapperImpl.jugadorListToJugadorDTOList(PartidoMapperImpl.java:96) ~[classes!/:1.0]
	at com.gestion.jugadores.mapper.PartidoMapperImpl.equipoToEquipoDTO(PartidoMapperImpl.java:113) ~[classes!/:1.0]
	at com.gestion.jugadores.mapper.PartidoMapperImpl.jugadorToJugadorDTO(PartidoMapperImpl.java:84) ~[classes!/:1.0]
	at com.gestion.jugadores.mapper.PartidoMapperImpl.jugadorListToJugadorDTOList(PartidoMapperImpl.java:96) ~[classes!/:1.0]
	at com.gestion.jugadores.mapper.PartidoMapperImpl.equipoToEquipoDTO(PartidoMapperImpl.java:113) ~[classes!/:1.0]
	at com.gestion.jugadores.mapper.PartidoMapperImpl.jugadorToJugadorDTO(PartidoMapperImpl.java:84) ~[classes!/:1.0]
	at com.gestion.jugadores.mapper.PartidoMapperImpl.jugadorListToJugadorDTOList(PartidoMapperImpl.java:96) ~[classes!/:1.0]
	at com.gestion.jugadores.mapper.PartidoMapperImpl.equipoToEquipoDTO(PartidoMapperImpl.java:113) ~[classes!/:1.0]
	at com.gestion.jugadores.mapper.PartidoMapperImpl.jugadorToJugadorDTO(PartidoMapperImpl.java:84) ~[classes!/:1.0]
	at com.gestion.jugadores.mapper.PartidoMapperImpl.jugadorListToJugadorDTOList(PartidoMapperImpl.java:96) ~[classes!/:1.0]
	at com.gestion.jugadores.mapper.PartidoMapperImpl.equipoToEquipoDTO(PartidoMapperImpl.java:113) ~[classes!/:1.0]
	at com.gestion.jugadores.mapper.PartidoMapperImpl.jugadorToJugadorDTO(PartidoMapperImpl.java:84) ~[classes!/:1.0]
	at com.gestion.jugadores.mapper.PartidoMapperImpl.jugadorListToJugadorDTOList(PartidoMapperImpl.java:96) ~[classes!/:1.0]
	at com.gestion.jugadores.mapper.PartidoMapperImpl.equipoToEquipoDTO(PartidoMapperImpl.java:113) ~[classes!/:1.0]
	at com.gestion.jugadores.mapper.PartidoMapperImpl.jugadorToJugadorDTO(PartidoMapperImpl.java:84) ~[classes!/:1.0]
	at com.gestion.jugadores.mapper.PartidoMapperImpl.jugadorListToJugadorDTOList(PartidoMapperImpl.java:96) ~[classes!/:1.0]
	at com.gestion.jugadores.mapper.PartidoMapperImpl.equipoToEquipoDTO(PartidoMapperImpl.java:113) ~[classes!/:1.0]
	at com.gestion.jugadores.mapper.PartidoMapperImpl.jugadorToJugadorDTO(PartidoMapperImpl.java:84) ~[classes!/:1.0]
	at com.gestion.jugadores.mapper.PartidoMapperImpl.jugadorListToJugadorDTOList(PartidoMapperImpl.java:96) ~[classes!/:1.0]
	at com.gestion.jugadores.mapper.PartidoMapperImpl.equipoToEquipoDTO(PartidoMapperImpl.java:113) ~[classes!/:1.0]
	at com.gestion.jugadores.mapper.PartidoMapperImpl.jugadorToJugadorDTO(PartidoMapperImpl.java:84) ~[classes!/:1.0]
	at com.gestion.jugadores.mapper.PartidoMapperImpl.jugadorListToJugadorDTOList(PartidoMapperImpl.java:96) ~[classes!/:1.0]
	at com.gestion.jugadores.mapper.PartidoMapperImpl.equipoToEquipoDTO(PartidoMapperImpl.java:113) ~[classes!/:1.0]
	at com.gestion.jugadores.mapper.PartidoMapperImpl.jugadorToJugadorDTO(PartidoMapperImpl.java:84) ~[classes!/:1.0]
	at com.gestion.jugadores.mapper.PartidoMapperImpl.jugadorListToJugadorDTOList(PartidoMapperImpl.java:96) ~[classes!/:1.0]
	at com.gestion.jugadores.mapper.PartidoMapperImpl.equipoToEquipoDTO(PartidoMapperImpl.java:113) ~[classes!/:1.0]
	at com.gestion.jugadores.mapper.PartidoMapperImpl.jugadorToJugadorDTO(PartidoMapperImpl.java:84) ~[classes!/:1.0]
	at com.gestion.jugadores.mapper.PartidoMapperImpl.jugadorListToJugadorDTOList(PartidoMapperImpl.java:96) ~[classes!/:1.0]
	at com.gestion.jugadores.mapper.PartidoMapperImpl.equipoToEquipoDTO(PartidoMapperImpl.java:113) ~[classes!/:1.0]
	at com.gestion.jugadores.mapper.PartidoMapperImpl.jugadorToJugadorDTO(PartidoMapperImpl.java:84) ~[classes!/:1.0]
	at com.gestion.jugadores.mapper.PartidoMapperImpl.jugadorListToJugadorDTOList(PartidoMapperImpl.java:96) ~[classes!/:1.0]
	at com.gestion.jugadores.mapper.PartidoMapperImpl.equipoToEquipoDTO(PartidoMapperImpl.java:113) ~[classes!/:1.0]
	at com.gestion.jugadores.mapper.PartidoMapperImpl.jugadorToJugadorDTO(PartidoMapperImpl.java:84) ~[classes!/:1.0]
	at com.gestion.jugadores.mapper.PartidoMapperImpl.jugadorListToJugadorDTOList(PartidoMapperImpl.java:96) ~[classes!/:1.0]
	at com.gestion.jugadores.mapper.PartidoMapperImpl.equipoToEquipoDTO(PartidoMapperImpl.java:113) ~[classes!/:1.0]
	at com.gestion.jugadores.mapper.PartidoMapperImpl.jugadorToJugadorDTO(PartidoMapperImpl.java:84) ~[classes!/:1.0]
	at com.gestion.jugadores.mapper.PartidoMapperImpl.jugadorListToJugadorDTOList(PartidoMapperImpl.java:96) ~[classes!/:1.0]
	at com.gestion.jugadores.mapper.PartidoMapperImpl.equipoToEquipoDTO(PartidoMapperImpl.java:113) ~[classes!/:1.0]
	at com.gestion.jugadores.mapper.PartidoMapperImpl.jugadorToJugadorDTO(PartidoMapperImpl.java:84) ~[classes!/:1.0]
	at com.gestion.jugadores.mapper.PartidoMapperImpl.jugadorListToJugadorDTOList(PartidoMapperImpl.java:96) ~[classes!/:1.0]
	at com.gestion.jugadores.mapper.PartidoMapperImpl.equipoToEquipoDTO(PartidoMapperImpl.java:113) ~[classes!/:1.0]
	at com.gestion.jugadores.mapper.PartidoMapperImpl.jugadorToJugadorDTO(PartidoMapperImpl.java:84) ~[classes!/:1.0]
	at com.gestion.jugadores.mapper.PartidoMapperImpl.jugadorListToJugadorDTOList(PartidoMapperImpl.java:96) ~[classes!/:1.0]
	at com.gestion.jugadores.mapper.PartidoMapperImpl.equipoToEquipoDTO(PartidoMapperImpl.java:113) ~[classes!/:1.0]
	at com.gestion.jugadores.mapper.PartidoMapperImpl.jugadorToJugadorDTO(PartidoMapperImpl.java:84) ~[classes!/:1.0]
	at com.gestion.jugadores.mapper.PartidoMapperImpl.jugadorListToJugadorDTOList(PartidoMapperImpl.java:96) ~[classes!/:1.0]
	at com.gestion.jugadores.mapper.PartidoMapperImpl.equipoToEquipoDTO(PartidoMapperImpl.java:113) ~[classes!/:1.0]
	at com.gestion.jugadores.mapper.PartidoMapperImpl.jugadorToJugadorDTO(PartidoMapperImpl.java:84) ~[classes!/:1.0]
	at com.gestion.jugadores.mapper.PartidoMapperImpl.jugadorListToJugadorDTOList(PartidoMapperImpl.java:96) ~[classes!/:1.0]
	at com.gestion.jugadores.mapper.PartidoMapperImpl.equipoToEquipoDTO(PartidoMapperImpl.java:113) ~[classes!/:1.0]
	at com.gestion.jugadores.mapper.PartidoMapperImpl.jugadorToJugadorDTO(PartidoMapperImpl.java:84) ~[classes!/:1.0]
	at com.gestion.jugadores.mapper.PartidoMapperImpl.jugadorListToJugadorDTOList(PartidoMapperImpl.java:96) ~[classes!/:1.0]
	at com.gestion.jugadores.mapper.PartidoMapperImpl.equipoToEquipoDTO(PartidoMapperImpl.java:113) ~[classes!/:1.0]
	at com.gestion.jugadores.mapper.PartidoMapperImpl.jugadorToJugadorDTO(PartidoMapperImpl.java:84) ~[classes!/:1.0]
	at com.gestion.jugadores.mapper.PartidoMapperImpl.jugadorListToJugadorDTOList(PartidoMapperImpl.java:96) ~[classes!/:1.0]
	at com.gestion.jugadores.mapper.PartidoMapperImpl.equipoToEquipoDTO(PartidoMapperImpl.java:113) ~[classes!/:1.0]
	at com.gestion.jugadores.mapper.PartidoMapperImpl.jugadorToJugadorDTO(PartidoMapperImpl.java:84) ~[classes!/:1.0]

